==> Creando el paquete: calamares 3.4.2-2 (jue 01 oct 2026 10:36:50)
==> Comprobando dependencias mientras se ejecuta...
==> Instalando las dependencias que faltan...
resolviendo dependencias...
buscando conflictos entre paquetes...

Paquete (2)                Versión nueva  Diferencia neta  Tamaño de la descarga

cachyos-extra-v3/kpmcore   26.08.1-1.1           4.70 MiB               0.79 MiB
cachyos-extra-v3/yaml-cpp  0.9.0-1.1             0.47 MiB               0.16 MiB

Tamaño total de la descarga:     0.95 MiB
Tamaño total de la instalación:  5.17 MiB

:: ¿Continuar con la instalación? [S/n] 
:: Obteniendo los paquetes...
 descargando kpmcore-26.08.1-1.1-x86_64_v3...
 descargando yaml-cpp-0.9.0-1.1-x86_64_v3...
comprobando el depósito de claves...
verificando la integridad de los paquetes...
cargando los archivos de los paquetes...
comprobando conflictos entre archivos...
:: Ejecutando los «hooks» de preinstalación...
(1/2) Performing snapper pre snapshots for the following configurations...
==> root: 447
(2/2) Waiting for limine-snapper-sync to finish...
:: Procesando los cambios de los paquetes...
instalando kpmcore...
Dependencias opcionales para kpmcore
    bcachefs-tools: BCacheFS support
    dosfstools: FAT32 support [instalado]
    e2fsprogs: ext2/3/4 support [instalado]
    exfat-utils: exFAT support [instalado]
    exfatprogs: exFAT support (alternative to exfat-utils) [instalado]
    f2fs-tools: F2FS support [instalado]
    fatresize: FAT resize support
    jfsutils: JFS support [instalado]
    nilfs-utils: nilfs support [instalado]
    ntfsprogs: NTFS support
    udftools: UDF support
    xfsprogs: XFS support [instalado]
instalando yaml-cpp...
:: Ejecutando los «hooks» de posinstalación...
(1/3) Arming ConditionNeedsUpdate...
(2/3) Reloading system bus configuration...
(3/3) Performing snapper post snapshots for the following configurations...
==> root: 448
==> Comprobando dependencias mientras se compila...
==> Instalando las dependencias que faltan...
resolviendo dependencias...
buscando conflictos entre paquetes...

Paquete (5)                Versión nueva  Diferencia neta  Tamaño de la descarga

cachyos-extra-v3/cmake     4.4.3-2.1           101.00 MiB              15.21 MiB
cachyos-extra-v3/cppdap    1.58.0-3.1            1.69 MiB               0.34 MiB
cachyos-extra-v3/rhash     1.4.6-1.1             0.35 MiB               0.19 MiB
extra/extra-cmake-modules  6.30.0-1              2.20 MiB               0.48 MiB
cachyos-extra-v3/ninja     1.13.2-3.1            0.46 MiB               0.19 MiB

Tamaño total de la descarga:      16.41 MiB
Tamaño total de la instalación:  105.71 MiB

:: ¿Continuar con la instalación? [S/n] 
:: Obteniendo los paquetes...
 descargando cmake-4.4.3-2.1-x86_64_v3...
 descargando extra-cmake-modules-6.30.0-1-any...
 descargando cppdap-1.58.0-3.1-x86_64_v3...
 descargando ninja-1.13.2-3.1-x86_64_v3...
 descargando rhash-1.4.6-1.1-x86_64_v3...
comprobando el depósito de claves...
verificando la integridad de los paquetes...
cargando los archivos de los paquetes...
comprobando conflictos entre archivos...
:: Ejecutando los «hooks» de preinstalación...
(1/2) Performing snapper pre snapshots for the following configurations...
==> root: 449
(2/2) Waiting for limine-snapper-sync to finish...
:: Procesando los cambios de los paquetes...
instalando cppdap...
instalando rhash...
instalando cmake...
Dependencias opcionales para cmake
    make: for unix Makefile generator [instalado]
    ninja: for ninja generator [pendiente]
    qt6-base: cmake-gui [instalado]
instalando extra-cmake-modules...
Dependencias opcionales para extra-cmake-modules
    python-pyxdg: to generate fastlane metadata for Android apps
    python-requests: to generate fastlane metadata for Android apps [instalado]
    python-yaml: to generate fastlane metadata for Android apps
instalando ninja...
:: Ejecutando los «hooks» de posinstalación...
(1/5) Updating the MIME type database...
(2/5) Arming ConditionNeedsUpdate...
(3/5) Updating icon theme caches...
(4/5) Updating the desktop file MIME type cache...
(5/5) Performing snapper post snapshots for the following configurations...
==> root: 450
==> Recibiendo las fuentes...
  -> Descargando calamares-3.4.2.tar.gz...
  % Total    % Received % Xferd  Average Speed  Time    Time    Time   Current
                                 Dload  Upload  Total   Spent   Left   Speed
  0      0   0      0   0      0      0      0                              0  8  4.71M   8 414.9k   0      0 243.5k      0   00:19   00:01   00:18 394.4k100  4.71M 100  4.71M   0      0  2.04M      0   00:02   00:02         394.4k100  4.71M 100  4.71M   0      0  2.04M      0   00:02   00:02         394.4k100  4.71M 100  4.71M   0      0  2.04M      0   00:02   00:02         394.4k
==> Validando los archivos source con sha256sums...
    calamares-3.4.2.tar.gz ... Aprobado
==> Extrayendo las fuentes...
  -> Extrayendo calamares-3.4.2.tar.gz con bsdtar
==> Iniciando build()...
The no-dev option is deprecated.  Use -Wno-author instead.
-- The C compiler identification is GNU 16.2.1
-- The CXX compiler identification is GNU 16.2.1
-- Detecting C compiler ABI info
-- Detecting C compiler ABI info - done
-- Check for working C compiler: /usr/bin/cc - skipped
-- Detecting C compile features
-- Detecting C compile features - done
-- Detecting CXX compiler ABI info
-- Detecting CXX compiler ABI info - done
-- Check for working CXX compiler: /usr/bin/c++ - skipped
-- Detecting CXX compile features
-- Detecting CXX compile features - done
-- Building Calamares with Qt6
-- Found GNU g++ 16.2.1, enabling colorized error messages.
-- Performing Test CMAKE_HAVE_LIBC_PTHREAD
-- Performing Test CMAKE_HAVE_LIBC_PTHREAD - Success
-- Found Threads: TRUE
-- Performing Test HAVE_STDATOMIC
-- Performing Test HAVE_STDATOMIC - Success
-- Found WrapAtomic: TRUE
-- Found OpenGL: /usr/lib/libOpenGL.so
-- Found WrapOpenGL: TRUE
-- Could NOT find WrapVulkanHeaders (missing: Vulkan_INCLUDE_DIR) 
-- Could NOT find WrapVulkanHeaders (missing: Vulkan_INCLUDE_DIR) 
-- Found YAMLCPP: /usr/include (Required is at least version "0.5.1")
-- Found KDE ECM /usr/share/ECM/modules/;/usr/share/ECM/find-modules/;/usr/share/ECM/kde-modules
-- Installing in the same prefix as Qt, adopting their path scheme.
-- Found Python3: /usr/bin/python3.14 (found version "3.14.7") found components: Interpreter
-- Found Python: /usr/bin/python3.14 (found suitable version "3.14.7", minimum required is "3.6") found components: Interpreter Development Development.Module Development.Embed
No module named 'yaml'

Dependencies for this tool are: py-yaml and py-jsonschema.

    https://pyyaml.org/
    https://github.com/Julian/jsonschema

Simple installation is `pip install pyyaml jsonschema`

-- Checked for config-validation dependencies: NOT-FOUND
-- Found Gettext: /usr/bin/msgmerge (found version "1.0")
-- Installing gettext translations for python
--   Installing python.mo from /home/qqqq/Proyectos/X64-Packages/x64-calamares/src/calamares-3.4.2/lang/python
--   Skipping python translations for en_US
-- Could NOT find WrapVulkanHeaders (missing: Vulkan_INCLUDE_DIR) 
-- Configured QML module: calamares.slideshow

-- Config bootloader.conf
-- Non-Config bootloader.schema.yaml
-- Non-Config main.py
-- Non-Config module.desc
-- Non-Config test.yaml
-- Found Calamares module: bootloader
   TYPE: jobmodule
   MODULE_DESTINATION: /usr/lib/calamares/modules/bootloader
   CONFIGURATION_FILES: bootloader.conf => [Build directory and share/calamares/modules]

-- Found Calamares module: contextualprocess
   TYPE: job
   LINK_LIBRARIES: 
   LINK_PRIVATE_LIBRARIES: 
   PLUGIN_DESTINATION: /usr/lib/calamares/modules/contextualprocess
   CONFIGURATION_FILES: contextualprocess.conf => share/calamares/modules

-- Config displaymanager.conf
-- Non-Config displaymanager.schema.yaml
-- Non-Config main.py
-- Non-Config module.desc
-- Found Calamares module: displaymanager
   TYPE: jobmodule
   MODULE_DESTINATION: /usr/lib/calamares/modules/displaymanager
   CONFIGURATION_FILES: displaymanager.conf => [Build directory and share/calamares/modules]

-- Skipping module dracut (user request).

-- Skipping module dracutlukscfg (user request).

-- Skipping module dummycpp (user request).

-- Skipping module dummyprocess (user request).

-- Skipping module dummypython (user request).

-- Found Calamares module: finished
   TYPE: viewmodule
   LINK_LIBRARIES: 
   LINK_PRIVATE_LIBRARIES: Qt6::DBus
   PLUGIN_DESTINATION: /usr/lib/calamares/modules/finished
   CONFIGURATION_FILES: finished.conf => share/calamares/modules

-- Found Calamares module: finishedq
   TYPE: viewmodule
   LINK_LIBRARIES: 
   LINK_PRIVATE_LIBRARIES: Qt6::DBus
   PLUGIN_DESTINATION: /usr/lib/calamares/modules/finishedq
   CONFIGURATION_FILES: finishedq.conf => share/calamares/modules
   RESOURCES: finishedq-qt6.qrc

-- KPMcore has already been found
-- Found Calamares module: fsresizer
   TYPE: job
   LINK_LIBRARIES: 
   LINK_PRIVATE_LIBRARIES: calamares::kpmcore
   PLUGIN_DESTINATION: /usr/lib/calamares/modules/fsresizer
   CONFIGURATION_FILES: fsresizer.conf => share/calamares/modules

-- Config fstab.conf
-- Non-Config fstab.schema.yaml
-- Non-Config main.py
-- Non-Config module.desc
-- Non-Config test.yaml
-- Non-Config test2.yaml
-- Found Calamares module: fstab
   TYPE: jobmodule
   MODULE_DESTINATION: /usr/lib/calamares/modules/fstab
   CONFIGURATION_FILES: fstab.conf => [Build directory and share/calamares/modules]

-- Config grubcfg.conf
-- Non-Config grubcfg.schema.yaml
-- Non-Config main.py
-- Non-Config module.desc
-- Found Calamares module: grubcfg
   TYPE: jobmodule
   MODULE_DESTINATION: /usr/lib/calamares/modules/grubcfg
   CONFIGURATION_FILES: grubcfg.conf => [Build directory and share/calamares/modules]

-- Found Calamares module: hostinfo
   TYPE: job
   LINK_LIBRARIES: 
   LINK_PRIVATE_LIBRARIES: 
   PLUGIN_DESTINATION: /usr/lib/calamares/modules/hostinfo

-- Non-Config main.py
-- Non-Config module.desc
-- Found Calamares module: hwclock
   TYPE: jobmodule
   MODULE_DESTINATION: /usr/lib/calamares/modules/hwclock

-- Found Calamares module: initcpio
   TYPE: job
   LINK_LIBRARIES: 
   LINK_PRIVATE_LIBRARIES: 
   PLUGIN_DESTINATION: /usr/lib/calamares/modules/initcpio
   CONFIGURATION_FILES: initcpio.conf => share/calamares/modules

-- Config initcpiocfg.conf
-- Non-Config initcpiocfg.schema.yaml
-- Non-Config main.py
-- Non-Config module.desc
-- Non-Config test.yaml
-- Found Calamares module: initcpiocfg
   TYPE: jobmodule
   MODULE_DESTINATION: /usr/lib/calamares/modules/initcpiocfg
   CONFIGURATION_FILES: initcpiocfg.conf => [Build directory and share/calamares/modules]

-- Skipping module initramfs (user request).

-- Skipping module initramfscfg (user request).

-- Skipping module interactiveterminal (user request).

-- Found Calamares module: keyboard
   TYPE: viewmodule
   LINK_LIBRARIES: Qt6::DBus
   LINK_PRIVATE_LIBRARIES: 
   PLUGIN_DESTINATION: /usr/lib/calamares/modules/keyboard
   CONFIGURATION_FILES: keyboard.conf => share/calamares/modules
   RESOURCES: keyboard.qrc

-- Found Calamares module: keyboardq
   TYPE: viewmodule
   LINK_LIBRARIES: Qt6::DBus
   LINK_PRIVATE_LIBRARIES: 
   PLUGIN_DESTINATION: /usr/lib/calamares/modules/keyboardq
   CONFIGURATION_FILES: keyboardq.conf => share/calamares/modules
   RESOURCES: keyboardq-qt6.qrc

-- Found Calamares module: license
   TYPE: viewmodule
   LINK_LIBRARIES: 
   LINK_PRIVATE_LIBRARIES: 
   PLUGIN_DESTINATION: /usr/lib/calamares/modules/license
   CONFIGURATION_FILES: license.conf => share/calamares/modules

-- Found Calamares module: locale
   TYPE: viewmodule
   LINK_LIBRARIES: 
   LINK_PRIVATE_LIBRARIES: Qt6::Network;yamlcpp::yamlcpp
   PLUGIN_DESTINATION: /usr/lib/calamares/modules/locale
   CONFIGURATION_FILES: locale.conf => share/calamares/modules
   RESOURCES: locale.qrc

-- Non-Config main.py
-- Non-Config module.desc
-- Found Calamares module: localecfg
   TYPE: jobmodule
   MODULE_DESTINATION: /usr/lib/calamares/modules/localecfg

-- Found Calamares module: localeq
   TYPE: viewmodule
   LINK_LIBRARIES: 
   LINK_PRIVATE_LIBRARIES: Qt6::Network
   PLUGIN_DESTINATION: /usr/lib/calamares/modules/localeq
   CONFIGURATION_FILES: localeq.conf => share/calamares/modules
   RESOURCES: localeq-qt6.qrc

-- Found Calamares module: luksbootkeyfile
   TYPE: job
   LINK_LIBRARIES: 
   LINK_PRIVATE_LIBRARIES: 
   PLUGIN_DESTINATION: /usr/lib/calamares/modules/luksbootkeyfile
   CONFIGURATION_FILES: luksbootkeyfile.conf => share/calamares/modules

-- Found Calamares module: luksopenswaphookcfg
   TYPE: job
   LINK_LIBRARIES: 
   LINK_PRIVATE_LIBRARIES: 
   PLUGIN_DESTINATION: /usr/lib/calamares/modules/luksopenswaphookcfg
   CONFIGURATION_FILES: luksopenswaphookcfg.conf => share/calamares/modules

-- Found Calamares module: machineid
   TYPE: job
   LINK_LIBRARIES: 
   LINK_PRIVATE_LIBRARIES: 
   PLUGIN_DESTINATION: /usr/lib/calamares/modules/machineid
   CONFIGURATION_FILES: machineid.conf => share/calamares/modules

-- Non-Config main.py
-- Non-Config module.desc
-- Found Calamares module: mkinitfs
   TYPE: jobmodule
   MODULE_DESTINATION: /usr/lib/calamares/modules/mkinitfs

-- Non-Config main.py
-- Non-Config module.desc
-- Config mount.conf
-- Non-Config mount.schema.yaml
-- Found Calamares module: mount
   TYPE: jobmodule
   MODULE_DESTINATION: /usr/lib/calamares/modules/mount
   CONFIGURATION_FILES: mount.conf => [Build directory and share/calamares/modules]

-- Found Calamares module: netinstall
   TYPE: viewmodule
   LINK_LIBRARIES: 
   LINK_PRIVATE_LIBRARIES: Qt6::Network
   PLUGIN_DESTINATION: /usr/lib/calamares/modules/netinstall
   CONFIGURATION_FILES: netinstall.conf => share/calamares/modules

-- Non-Config main.py
-- Non-Config module.desc
-- Found Calamares module: networkcfg
   TYPE: jobmodule
   MODULE_DESTINATION: /usr/lib/calamares/modules/networkcfg

-- Found Calamares module: notesqml
   TYPE: viewmodule
   LINK_LIBRARIES: 
   LINK_PRIVATE_LIBRARIES: 
   PLUGIN_DESTINATION: /usr/lib/calamares/modules/notesqml
   CONFIGURATION_FILES: notesqml.conf => share/calamares/modules
   RESOURCES: notesqml.qrc

-- Found Calamares module: oemid
   TYPE: viewmodule
   LINK_LIBRARIES: 
   LINK_PRIVATE_LIBRARIES: Qt6::Widgets
   PLUGIN_DESTINATION: /usr/lib/calamares/modules/oemid
   CONFIGURATION_FILES: oemid.conf => share/calamares/modules

-- Non-Config main.py
-- Non-Config module.desc
-- Config openrcdmcryptcfg.conf
-- Found Calamares module: openrcdmcryptcfg
   TYPE: jobmodule
   MODULE_DESTINATION: /usr/lib/calamares/modules/openrcdmcryptcfg
   CONFIGURATION_FILES: openrcdmcryptcfg.conf => [Build directory and share/calamares/modules]

-- Skipping module packagechooser (user request).

-- Skipping module packagechooserq (user request).

-- Non-Config main.py
-- Non-Config module.desc
-- Config packages.conf
-- Non-Config packages.schema.yaml
-- Found Calamares module: packages
   TYPE: jobmodule
   MODULE_DESTINATION: /usr/lib/calamares/modules/packages
   CONFIGURATION_FILES: packages.conf => [Build directory and share/calamares/modules]

-- KPMcore has already been found
-- Found Calamares module: partition
   TYPE: viewmodule
   LINK_LIBRARIES: 
   LINK_PRIVATE_LIBRARIES: calamares::kpmcore;KF6::CoreAddons
   PLUGIN_DESTINATION: /usr/lib/calamares/modules/partition
   CONFIGURATION_FILES: partition.conf => share/calamares/modules

-- Found KF6Config: /usr/lib/cmake/KF6Config/KF6ConfigConfig.cmake (found version "6.30.0")
-- Found KF6Package: /usr/lib/cmake/KF6Package/KF6PackageConfig.cmake (found version "6.30.0")
-- Found Calamares module: plasmalnf
   TYPE: viewmodule
   LINK_LIBRARIES: 
   LINK_PRIVATE_LIBRARIES: KF6::Package;Plasma::Plasma
   PLUGIN_DESTINATION: /usr/lib/calamares/modules/plasmalnf
   CONFIGURATION_FILES: plasmalnf.conf => share/calamares/modules
   RESOURCES: page_plasmalnf.qrc

-- Non-Config main.py
-- Non-Config module.desc
-- Config plymouthcfg.conf
-- Non-Config plymouthcfg.schema.yaml
-- Found Calamares module: plymouthcfg
   TYPE: jobmodule
   MODULE_DESTINATION: /usr/lib/calamares/modules/plymouthcfg
   CONFIGURATION_FILES: plymouthcfg.conf => [Build directory and share/calamares/modules]

-- Found Calamares module: preservefiles
   TYPE: job
   LINK_LIBRARIES: 
   LINK_PRIVATE_LIBRARIES: 
   PLUGIN_DESTINATION: /usr/lib/calamares/modules/preservefiles
   CONFIGURATION_FILES: preservefiles.conf => share/calamares/modules

-- Non-Config main.py
-- Non-Config module.desc
-- Config rawfs.conf
-- Found Calamares module: rawfs
   TYPE: jobmodule
   MODULE_DESTINATION: /usr/lib/calamares/modules/rawfs
   CONFIGURATION_FILES: rawfs.conf => [Build directory and share/calamares/modules]

-- Found Calamares module: removeuser
   TYPE: job
   LINK_LIBRARIES: 
   LINK_PRIVATE_LIBRARIES: 
   PLUGIN_DESTINATION: /usr/lib/calamares/modules/removeuser
   CONFIGURATION_FILES: removeuser.conf => share/calamares/modules

-- Skipping module services-openrc (user request).

-- Non-Config main.py
-- Non-Config module.desc
-- Config services-systemd.conf
-- Non-Config services-systemd.schema.yaml
-- Found Calamares module: services-systemd
   TYPE: jobmodule
   MODULE_DESTINATION: /usr/lib/calamares/modules/services-systemd
   CONFIGURATION_FILES: services-systemd.conf => [Build directory and share/calamares/modules]

-- Found Calamares module: shellprocess
   TYPE: job
   LINK_LIBRARIES: 
   LINK_PRIVATE_LIBRARIES: 
   PLUGIN_DESTINATION: /usr/lib/calamares/modules/shellprocess
   CONFIGURATION_FILES: shellprocess.conf => share/calamares/modules

-- Found Calamares module: summary
   TYPE: viewmodule
   LINK_LIBRARIES: 
   LINK_PRIVATE_LIBRARIES: 
   PLUGIN_DESTINATION: /usr/lib/calamares/modules/summary

-- Found Calamares module: summaryq
   TYPE: viewmodule
   LINK_LIBRARIES: 
   LINK_PRIVATE_LIBRARIES: calamaresui
   PLUGIN_DESTINATION: /usr/lib/calamares/modules/summaryq
   RESOURCES: summaryq-qt6.qrc

-- Found Calamares module: tracking
   TYPE: viewmodule
   LINK_LIBRARIES: KF6::CoreAddons
   LINK_PRIVATE_LIBRARIES: 
   PLUGIN_DESTINATION: /usr/lib/calamares/modules/tracking
   CONFIGURATION_FILES: tracking.conf => share/calamares/modules
   RESOURCES: page_trackingstep.qrc

-- Found Calamares module: umount
   TYPE: job
   LINK_LIBRARIES: 
   LINK_PRIVATE_LIBRARIES: 
   PLUGIN_DESTINATION: /usr/lib/calamares/modules/umount
   CONFIGURATION_FILES: umount.conf => share/calamares/modules

-- Non-Config main.py
-- Non-Config module.desc
-- Non-Config runtests.sh
-- Config unpackfs.conf
-- Non-Config unpackfs.schema.yaml
-- Found Calamares module: unpackfs
   TYPE: jobmodule
   MODULE_DESTINATION: /usr/lib/calamares/modules/unpackfs
   CONFIGURATION_FILES: unpackfs.conf => [Build directory and share/calamares/modules]

-- Found Calamares module: unpackfsc
   TYPE: job
   LINK_LIBRARIES: 
   LINK_PRIVATE_LIBRARIES: 
   PLUGIN_DESTINATION: /usr/lib/calamares/modules/unpackfsc
   CONFIGURATION_FILES: unpackfsc.conf => share/calamares/modules

-- Found Crypt: /usr/lib/libcrypt.so
-- Looking for crypt_gensalt
-- Looking for crypt_gensalt - found
-- Found PkgConfig: /usr/bin/pkg-config (found version "3.0.7")
-- Found LibPWQuality: /usr/include;/usr/include
-- Found ICU: /usr/include (found version "78.3") found components: uc i18n
-- Found Calamares module: users
   TYPE: viewmodule
   LINK_LIBRARIES: 
   LINK_PRIVATE_LIBRARIES: users_internal;crypt::crypt;KF6::CoreAddons;Qt6::DBus;crypt::crypt;/usr/lib/libpwquality.so;ICU::uc;ICU::i18n
   PLUGIN_DESTINATION: /usr/lib/calamares/modules/users
   CONFIGURATION_FILES: users.conf => share/calamares/modules
   RESOURCES: users.qrc

-- Found Calamares module: usersq
   TYPE: viewmodule
   LINK_LIBRARIES: 
   LINK_PRIVATE_LIBRARIES: users_internal;/usr/lib/libcrypt.so;/usr/lib/libpwquality.so;ICU::uc;ICU::i18n;Qt6::DBus
   PLUGIN_DESTINATION: /usr/lib/calamares/modules/usersq
   CONFIGURATION_FILES: usersq.conf => share/calamares/modules
   RESOURCES: usersq-qt6.qrc

-- Found LIBPARTED: /usr/lib/libparted.so
-- Looking for ped_file_system_clobber
-- Looking for ped_file_system_clobber - not found
-- Looking for ped_file_system_resize
-- Looking for ped_file_system_resize - not found
-- Found Calamares module: welcome
   TYPE: viewmodule
   LINK_LIBRARIES: 
   LINK_PRIVATE_LIBRARIES: /usr/lib/libparted.so;Qt6::DBus;Qt6::Network
   PLUGIN_DESTINATION: /usr/lib/calamares/modules/welcome
   CONFIGURATION_FILES: welcome.conf => share/calamares/modules
   RESOURCES: welcome.qrc

-- Found Calamares module: welcomeq
   TYPE: viewmodule
   LINK_LIBRARIES: 
   LINK_PRIVATE_LIBRARIES: /usr/lib/libparted.so;Qt6::DBus;Qt6::Network
   PLUGIN_DESTINATION: /usr/lib/calamares/modules/welcomeq
   CONFIGURATION_FILES: welcomeq.conf => share/calamares/modules
   RESOURCES: welcomeq-qt6.qrc

-- Found Calamares module: zfs
   TYPE: job
   LINK_LIBRARIES: 
   LINK_PRIVATE_LIBRARIES: 
   PLUGIN_DESTINATION: /usr/lib/calamares/modules/zfs
   CONFIGURATION_FILES: zfs.conf => share/calamares/modules

-- Non-Config main.py
-- Non-Config module.desc
-- Non-Config zfshostid.schema.yaml
-- Found Calamares module: zfshostid
   TYPE: jobmodule
   MODULE_DESTINATION: /usr/lib/calamares/modules/zfshostid

-- Found Calamares branding component: default
   TYPE: branding component
   BRANDING_COMPONENT_DESTINATION: share/calamares/branding/default
   BRANDING_TRANSLATIONS: 5 language(s)

-- Found KF6CoreAddons: /usr/lib/cmake/KF6CoreAddons/KF6CoreAddonsConfig.cmake (found version "6.30.0")
-- Skipped modules:
--   Skipped dracut (user request).
--   Skipped dracutlukscfg (user request).
--   Skipped dummycpp (user request).
--   Skipped dummyprocess (user request).
--   Skipped dummypython (user request).
--   Skipped initramfs (user request).
--   Skipped initramfscfg (user request).
--   Skipped interactiveterminal (user request).
--   Skipped packagechooser (user request).
--   Skipped packagechooserq (user request).
--   Skipped services-openrc (user request).

-- The following features are enabled
 * python, Enable Python-modules
 * python-pybind11, Python-modules through pybind11
 * ExampleDistro, Create example-distro target.
 * Python (required version >= 3.6), Python job modules, <https://python.org>
   Python3 interpreter for certain tests.
 * Pybind11, Python using bundled pybind11
 * Qml, QML UI support
 * Polkit, Install Polkit files
 * KCrash, Crash dumps via KCrash

-- The following features have been disabled:
 * yaml-schema, Validate YAML (config files) with schema. Missing dependencies for configvalidator.py.
 * python-boost, Python-modules through Boost::Python

-- Configuring done (4.3s)
-- Generating done (0.5s)
-- Build files have been written to: /home/qqqq/Proyectos/X64-Packages/x64-calamares/src/build
[1/540] Generating calamares_be.qm
Updating '/home/qqqq/Proyectos/X64-Packages/x64-calamares/src/build/lang/calamares_be.qm'...
Removed plural forms as the target language has less forms.
If this sounds wrong, possibly the target language is not set or recognized.
    Generated 647 translation(s) (647 finished and 0 unfinished)
    Ignored 235 untranslated source text(s)
[2/540] Generating calamares_bg.qm
Updating '/home/qqqq/Proyectos/X64-Packages/x64-calamares/src/build/lang/calamares_bg.qm'...
    Generated 862 translation(s) (862 finished and 0 unfinished)
    Ignored 20 untranslated source text(s)
[3/540] Generating calamares_bn.qm
Updating '/home/qqqq/Proyectos/X64-Packages/x64-calamares/src/build/lang/calamares_bn.qm'...
    Generated 187 translation(s) (187 finished and 0 unfinished)
    Ignored 695 untranslated source text(s)
[4/540] Generating calamares_ar.qm
Updating '/home/qqqq/Proyectos/X64-Packages/x64-calamares/src/build/lang/calamares_ar.qm'...
    Generated 882 translation(s) (882 finished and 0 unfinished)
[5/540] Generating calamares_az_AZ.qm
Updating '/home/qqqq/Proyectos/X64-Packages/x64-calamares/src/build/lang/calamares_az_AZ.qm'...
    Generated 675 translation(s) (675 finished and 0 unfinished)
    Ignored 207 untranslated source text(s)
[6/540] Generating calamares_as.qm
Updating '/home/qqqq/Proyectos/X64-Packages/x64-calamares/src/build/lang/calamares_as.qm'...
    Generated 519 translation(s) (519 finished and 0 unfinished)
    Ignored 363 untranslated source text(s)
[7/540] Generating calamares_az.qm
Updating '/home/qqqq/Proyectos/X64-Packages/x64-calamares/src/build/lang/calamares_az.qm'...
    Generated 882 translation(s) (882 finished and 0 unfinished)
[8/540] Generating calamares_ast.qm
Updating '/home/qqqq/Proyectos/X64-Packages/x64-calamares/src/build/lang/calamares_ast.qm'...
Removed plural forms as the target language has less forms.
If this sounds wrong, possibly the target language is not set or recognized.
    Generated 427 translation(s) (427 finished and 0 unfinished)
    Ignored 455 untranslated source text(s)
[9/540] Generating calamares_ca@valencia.qm
Updating '/home/qqqq/Proyectos/X64-Packages/x64-calamares/src/build/lang/calamares_ca@valencia.qm'...
Removed plural forms as the target language has less forms.
If this sounds wrong, possibly the target language is not set or recognized.
    Generated 543 translation(s) (543 finished and 0 unfinished)
    Ignored 339 untranslated source text(s)
[10/540] Generating calamares_ca.qm
Updating '/home/qqqq/Proyectos/X64-Packages/x64-calamares/src/build/lang/calamares_ca.qm'...
    Generated 882 translation(s) (882 finished and 0 unfinished)
[11/540] Generating calamares_da.qm
Updating '/home/qqqq/Proyectos/X64-Packages/x64-calamares/src/build/lang/calamares_da.qm'...
    Generated 556 translation(s) (556 finished and 0 unfinished)
    Ignored 326 untranslated source text(s)
[12/540] Generating calamares_de.qm
Updating '/home/qqqq/Proyectos/X64-Packages/x64-calamares/src/build/lang/calamares_de.qm'...
    Generated 882 translation(s) (882 finished and 0 unfinished)
[13/540] Generating calamares_cs_CZ.qm
Updating '/home/qqqq/Proyectos/X64-Packages/x64-calamares/src/build/lang/calamares_cs_CZ.qm'...
Removed plural forms as the target language has less forms.
If this sounds wrong, possibly the target language is not set or recognized.
    Generated 882 translation(s) (882 finished and 0 unfinished)
[14/540] Generating calamares_eo.qm
Updating '/home/qqqq/Proyectos/X64-Packages/x64-calamares/src/build/lang/calamares_eo.qm'...
    Generated 96 translation(s) (96 finished and 0 unfinished)
    Ignored 786 untranslated source text(s)
[15/540] Generating calamares_en.qm
Updating '/home/qqqq/Proyectos/X64-Packages/x64-calamares/src/build/lang/calamares_en.qm'...
    Generated 2 translation(s) (0 finished and 2 unfinished)
    Ignored 880 untranslated source text(s)
[16/540] Generating calamares_en_GB.qm
Updating '/home/qqqq/Proyectos/X64-Packages/x64-calamares/src/build/lang/calamares_en_GB.qm'...
    Generated 332 translation(s) (332 finished and 0 unfinished)
    Ignored 550 untranslated source text(s)
[17/540] Generating calamares_el.qm
Updating '/home/qqqq/Proyectos/X64-Packages/x64-calamares/src/build/lang/calamares_el.qm'...
    Generated 219 translation(s) (219 finished and 0 unfinished)
    Ignored 663 untranslated source text(s)
[18/540] Generating calamares_es_MX.qm
Updating '/home/qqqq/Proyectos/X64-Packages/x64-calamares/src/build/lang/calamares_es_MX.qm'...
Removed plural forms as the target language has less forms.
If this sounds wrong, possibly the target language is not set or recognized.
    Generated 393 translation(s) (393 finished and 0 unfinished)
    Ignored 489 untranslated source text(s)
[19/540] Generating calamares_et.qm
Updating '/home/qqqq/Proyectos/X64-Packages/x64-calamares/src/build/lang/calamares_et.qm'...
    Generated 434 translation(s) (434 finished and 0 unfinished)
    Ignored 448 untranslated source text(s)
[20/540] Generating calamares_es.qm
Updating '/home/qqqq/Proyectos/X64-Packages/x64-calamares/src/build/lang/calamares_es.qm'...
Removed plural forms as the target language has less forms.
If this sounds wrong, possibly the target language is not set or recognized.
    Generated 882 translation(s) (882 finished and 0 unfinished)
[21/540] Generating calamares_eu.qm
Updating '/home/qqqq/Proyectos/X64-Packages/x64-calamares/src/build/lang/calamares_eu.qm'...
    Generated 267 translation(s) (267 finished and 0 unfinished)
    Ignored 615 untranslated source text(s)
[22/540] Generating calamares_fa.qm
Updating '/home/qqqq/Proyectos/X64-Packages/x64-calamares/src/build/lang/calamares_fa.qm'...
Removed plural forms as the target language has less forms.
If this sounds wrong, possibly the target language is not set or recognized.
    Generated 623 translation(s) (623 finished and 0 unfinished)
    Ignored 259 untranslated source text(s)
[23/540] Generating calamares_es_AR.qm
Updating '/home/qqqq/Proyectos/X64-Packages/x64-calamares/src/build/lang/calamares_es_AR.qm'...
Removed plural forms as the target language has less forms.
If this sounds wrong, possibly the target language is not set or recognized.
    Generated 882 translation(s) (882 finished and 0 unfinished)
[24/540] Generating calamares_fr.qm
Updating '/home/qqqq/Proyectos/X64-Packages/x64-calamares/src/build/lang/calamares_fr.qm'...
Removed plural forms as the target language has less forms.
If this sounds wrong, possibly the target language is not set or recognized.
    Generated 882 translation(s) (882 finished and 0 unfinished)
[25/540] Generating calamares_fi_FI.qm
Updating '/home/qqqq/Proyectos/X64-Packages/x64-calamares/src/build/lang/calamares_fi_FI.qm'...
    Generated 882 translation(s) (882 finished and 0 unfinished)
[26/540] Generating calamares_gl.qm
Updating '/home/qqqq/Proyectos/X64-Packages/x64-calamares/src/build/lang/calamares_gl.qm'...
    Generated 354 translation(s) (354 finished and 0 unfinished)
    Ignored 528 untranslated source text(s)
[27/540] Generating calamares_hi.qm
Updating '/home/qqqq/Proyectos/X64-Packages/x64-calamares/src/build/lang/calamares_hi.qm'...
    Generated 640 translation(s) (640 finished and 0 unfinished)
    Ignored 242 untranslated source text(s)
[28/540] Generating calamares_fur.qm
Updating '/home/qqqq/Proyectos/X64-Packages/x64-calamares/src/build/lang/calamares_fur.qm'...
    Generated 860 translation(s) (860 finished and 0 unfinished)
    Ignored 22 untranslated source text(s)
[29/540] Generating calamares_he.qm
Updating '/home/qqqq/Proyectos/X64-Packages/x64-calamares/src/build/lang/calamares_he.qm'...
Removed plural forms as the target language has less forms.
If this sounds wrong, possibly the target language is not set or recognized.
    Generated 882 translation(s) (882 finished and 0 unfinished)
[30/540] Generating calamares_hr.qm
Updating '/home/qqqq/Proyectos/X64-Packages/x64-calamares/src/build/lang/calamares_hr.qm'...
    Generated 863 translation(s) (863 finished and 0 unfinished)
    Ignored 19 untranslated source text(s)
[31/540] Generating calamares_ia.qm
Updating '/home/qqqq/Proyectos/X64-Packages/x64-calamares/src/build/lang/calamares_ia.qm'...
    Generated 418 translation(s) (418 finished and 0 unfinished)
    Ignored 464 untranslated source text(s)
[32/540] Generating calamares_hu.qm
Updating '/home/qqqq/Proyectos/X64-Packages/x64-calamares/src/build/lang/calamares_hu.qm'...
Removed plural forms as the target language has less forms.
If this sounds wrong, possibly the target language is not set or recognized.
    Generated 882 translation(s) (882 finished and 0 unfinished)
[33/540] Generating calamares_is.qm
Updating '/home/qqqq/Proyectos/X64-Packages/x64-calamares/src/build/lang/calamares_is.qm'...
    Generated 880 translation(s) (880 finished and 0 unfinished)
    Ignored 2 untranslated source text(s)
[34/540] Generating calamares_id.qm
Updating '/home/qqqq/Proyectos/X64-Packages/x64-calamares/src/build/lang/calamares_id.qm'...
    Generated 882 translation(s) (882 finished and 0 unfinished)
[35/540] Generating calamares_it_IT.qm
Updating '/home/qqqq/Proyectos/X64-Packages/x64-calamares/src/build/lang/calamares_it_IT.qm'...
Removed plural forms as the target language has less forms.
If this sounds wrong, possibly the target language is not set or recognized.
    Generated 799 translation(s) (799 finished and 0 unfinished)
    Ignored 83 untranslated source text(s)
[36/540] Generating calamares_ko.qm
Updating '/home/qqqq/Proyectos/X64-Packages/x64-calamares/src/build/lang/calamares_ko.qm'...
    Generated 882 translation(s) (882 finished and 0 unfinished)
[37/540] Generating calamares_ka.qm
Updating '/home/qqqq/Proyectos/X64-Packages/x64-calamares/src/build/lang/calamares_ka.qm'...
    Generated 799 translation(s) (799 finished and 0 unfinished)
    Ignored 83 untranslated source text(s)
[38/540] Generating calamares_ja.qm
Updating '/home/qqqq/Proyectos/X64-Packages/x64-calamares/src/build/lang/calamares_ja.qm'...
    Generated 882 translation(s) (882 finished and 0 unfinished)
[39/540] Generating calamares_lt.qm
Updating '/home/qqqq/Proyectos/X64-Packages/x64-calamares/src/build/lang/calamares_lt.qm'...
Removed plural forms as the target language has less forms.
If this sounds wrong, possibly the target language is not set or recognized.
    Generated 863 translation(s) (863 finished and 0 unfinished)
    Ignored 19 untranslated source text(s)
[40/540] Generating calamares_kk.qm
Updating '/home/qqqq/Proyectos/X64-Packages/x64-calamares/src/build/lang/calamares_kk.qm'...
    Generated 882 translation(s) (882 finished and 0 unfinished)
[41/540] Generating calamares_mr.qm
Updating '/home/qqqq/Proyectos/X64-Packages/x64-calamares/src/build/lang/calamares_mr.qm'...
    Generated 62 translation(s) (62 finished and 0 unfinished)
    Ignored 820 untranslated source text(s)
[42/540] Generating calamares_lg.qm
Updating '/home/qqqq/Proyectos/X64-Packages/x64-calamares/src/build/lang/calamares_lg.qm'...
    Generated 882 translation(s) (882 finished and 0 unfinished)
[43/540] Generating calamares_ml.qm
Updating '/home/qqqq/Proyectos/X64-Packages/x64-calamares/src/build/lang/calamares_ml.qm'...
    Generated 479 translation(s) (479 finished and 0 unfinished)
    Ignored 403 untranslated source text(s)
[44/540] Generating calamares_nl.qm
Updating '/home/qqqq/Proyectos/X64-Packages/x64-calamares/src/build/lang/calamares_nl.qm'...
    Generated 578 translation(s) (578 finished and 0 unfinished)
    Ignored 304 untranslated source text(s)
[45/540] Generating calamares_pt_PT.qm
Updating '/home/qqqq/Proyectos/X64-Packages/x64-calamares/src/build/lang/calamares_pt_PT.qm'...
Removed plural forms as the target language has less forms.
If this sounds wrong, possibly the target language is not set or recognized.
    Generated 717 translation(s) (717 finished and 0 unfinished)
    Ignored 165 untranslated source text(s)
[46/540] Generating calamares_nb.qm
Updating '/home/qqqq/Proyectos/X64-Packages/x64-calamares/src/build/lang/calamares_nb.qm'...
    Generated 882 translation(s) (882 finished and 0 unfinished)
[47/540] Generating calamares_oc.qm
Updating '/home/qqqq/Proyectos/X64-Packages/x64-calamares/src/build/lang/calamares_oc.qm'...
    Generated 350 translation(s) (350 finished and 0 unfinished)
    Ignored 532 untranslated source text(s)
[48/540] Generating calamares_pl.qm
Updating '/home/qqqq/Proyectos/X64-Packages/x64-calamares/src/build/lang/calamares_pl.qm'...
Removed plural forms as the target language has less forms.
If this sounds wrong, possibly the target language is not set or recognized.
    Generated 882 translation(s) (882 finished and 0 unfinished)
[49/540] Generating calamares_pt_BR.qm
Updating '/home/qqqq/Proyectos/X64-Packages/x64-calamares/src/build/lang/calamares_pt_BR.qm'...
Removed plural forms as the target language has less forms.
If this sounds wrong, possibly the target language is not set or recognized.
    Generated 882 translation(s) (882 finished and 0 unfinished)
[50/540] Generating calamares_ro.qm
Updating '/home/qqqq/Proyectos/X64-Packages/x64-calamares/src/build/lang/calamares_ro.qm'...
    Generated 460 translation(s) (460 finished and 0 unfinished)
    Ignored 422 untranslated source text(s)
[51/540] Generating calamares_sl.qm
Updating '/home/qqqq/Proyectos/X64-Packages/x64-calamares/src/build/lang/calamares_sl.qm'...
    Generated 102 translation(s) (102 finished and 0 unfinished)
    Ignored 780 untranslated source text(s)
[52/540] Generating calamares_si.qm
Updating '/home/qqqq/Proyectos/X64-Packages/x64-calamares/src/build/lang/calamares_si.qm'...
    Generated 634 translation(s) (634 finished and 0 unfinished)
    Ignored 248 untranslated source text(s)
[53/540] Generating calamares_sk.qm
Updating '/home/qqqq/Proyectos/X64-Packages/x64-calamares/src/build/lang/calamares_sk.qm'...
Removed plural forms as the target language has less forms.
If this sounds wrong, possibly the target language is not set or recognized.
    Generated 666 translation(s) (666 finished and 0 unfinished)
    Ignored 216 untranslated source text(s)
[54/540] Generating calamares_ru.qm
Updating '/home/qqqq/Proyectos/X64-Packages/x64-calamares/src/build/lang/calamares_ru.qm'...
Removed plural forms as the target language has less forms.
If this sounds wrong, possibly the target language is not set or recognized.
    Generated 882 translation(s) (882 finished and 0 unfinished)
[55/540] Generating calamares_sr.qm
Updating '/home/qqqq/Proyectos/X64-Packages/x64-calamares/src/build/lang/calamares_sr.qm'...
    Generated 112 translation(s) (112 finished and 0 unfinished)
    Ignored 770 untranslated source text(s)
[56/540] Generating calamares_sr@latin.qm
Updating '/home/qqqq/Proyectos/X64-Packages/x64-calamares/src/build/lang/calamares_sr@latin.qm'...
Removed plural forms as the target language has less forms.
If this sounds wrong, possibly the target language is not set or recognized.
    Generated 101 translation(s) (101 finished and 0 unfinished)
    Ignored 781 untranslated source text(s)
[57/540] Generating calamares_th.qm
Updating '/home/qqqq/Proyectos/X64-Packages/x64-calamares/src/build/lang/calamares_th.qm'...
    Generated 262 translation(s) (262 finished and 0 unfinished)
    Ignored 620 untranslated source text(s)
[58/540] Generating calamares_sq.qm
Updating '/home/qqqq/Proyectos/X64-Packages/x64-calamares/src/build/lang/calamares_sq.qm'...
    Generated 880 translation(s) (880 finished and 0 unfinished)
    Ignored 2 untranslated source text(s)
[59/540] Generating calamares_sv.qm
Updating '/home/qqqq/Proyectos/X64-Packages/x64-calamares/src/build/lang/calamares_sv.qm'...
    Generated 882 translation(s) (882 finished and 0 unfinished)
[60/540] Generating calamares_tg.qm
Updating '/home/qqqq/Proyectos/X64-Packages/x64-calamares/src/build/lang/calamares_tg.qm'...
    Generated 882 translation(s) (882 finished and 0 unfinished)
[61/540] Generating calamares_uk.qm
Updating '/home/qqqq/Proyectos/X64-Packages/x64-calamares/src/build/lang/calamares_uk.qm'...
Removed plural forms as the target language has less forms.
If this sounds wrong, possibly the target language is not set or recognized.
    Generated 882 translation(s) (882 finished and 0 unfinished)
[62/540] Generating calamares_tr_TR.qm
Updating '/home/qqqq/Proyectos/X64-Packages/x64-calamares/src/build/lang/calamares_tr_TR.qm'...
Removed plural forms as the target language has less forms.
If this sounds wrong, possibly the target language is not set or recognized.
    Generated 882 translation(s) (882 finished and 0 unfinished)
[63/540] Generating calamares_uz.qm
Updating '/home/qqqq/Proyectos/X64-Packages/x64-calamares/src/build/lang/calamares_uz.qm'...
    Generated 816 translation(s) (816 finished and 0 unfinished)
    Ignored 66 untranslated source text(s)
[64/540] Generating calamares_vi.qm
Updating '/home/qqqq/Proyectos/X64-Packages/x64-calamares/src/build/lang/calamares_vi.qm'...
    Generated 558 translation(s) (558 finished and 0 unfinished)
    Ignored 324 untranslated source text(s)
[65/540] Generating tz_ru.qm
Updating '/home/qqqq/Proyectos/X64-Packages/x64-calamares/src/build/lang/tz_ru.qm'...
    Generated 435 translation(s) (435 finished and 0 unfinished)
[66/540] Generating kb_en.qm
Updating '/home/qqqq/Proyectos/X64-Packages/x64-calamares/src/build/lang/kb_en.qm'...
    Generated 0 translation(s) (0 finished and 0 unfinished)
    Ignored 768 untranslated source text(s)
[67/540] Generating tz_nl.qm
Updating '/home/qqqq/Proyectos/X64-Packages/x64-calamares/src/build/lang/tz_nl.qm'...
    Generated 9 translation(s) (9 finished and 0 unfinished)
    Ignored 426 untranslated source text(s)
[68/540] Generating calamares_zh_CN.qm
Updating '/home/qqqq/Proyectos/X64-Packages/x64-calamares/src/build/lang/calamares_zh_CN.qm'...
    Generated 882 translation(s) (882 finished and 0 unfinished)
[69/540] Generating tz_en.qm
Updating '/home/qqqq/Proyectos/X64-Packages/x64-calamares/src/build/lang/tz_en.qm'...
    Generated 2 translation(s) (2 finished and 0 unfinished)
    Ignored 433 untranslated source text(s)
[70/540] Generating tz_sv.qm
Updating '/home/qqqq/Proyectos/X64-Packages/x64-calamares/src/build/lang/tz_sv.qm'...
    Generated 12 translation(s) (12 finished and 0 unfinished)
[71/540] Generating kb_tg.qm
Updating '/home/qqqq/Proyectos/X64-Packages/x64-calamares/src/build/lang/kb_tg.qm'...
    Generated 304 translation(s) (304 finished and 0 unfinished)
    Ignored 464 untranslated source text(s)
[72/540] Generating calamares-default_ar.qm
Updating '/home/qqqq/Proyectos/X64-Packages/x64-calamares/src/build/src/branding/calamares-default_ar.qm'...
    Generated 2 translation(s) (2 finished and 0 unfinished)
[73/540] Generating tz_uk.qm
Updating '/home/qqqq/Proyectos/X64-Packages/x64-calamares/src/build/lang/tz_uk.qm'...
    Generated 2 translation(s) (2 finished and 0 unfinished)
    Ignored 433 untranslated source text(s)
[74/540] Generating calamares_zh_TW.qm
Updating '/home/qqqq/Proyectos/X64-Packages/x64-calamares/src/build/lang/calamares_zh_TW.qm'...
    Generated 882 translation(s) (882 finished and 0 unfinished)
[75/540] Generating calamares-default_en.qm
Updating '/home/qqqq/Proyectos/X64-Packages/x64-calamares/src/build/src/branding/calamares-default_en.qm'...
    Generated 0 translation(s) (0 finished and 0 unfinished)
    Ignored 2 untranslated source text(s)
[76/540] Generating as/LC_MESSAGES/calamares-python.mo
[77/540] Generating ar/LC_MESSAGES/calamares-python.mo
[78/540] Generating tz_tg.qm
Updating '/home/qqqq/Proyectos/X64-Packages/x64-calamares/src/build/lang/tz_tg.qm'...
    Generated 435 translation(s) (435 finished and 0 unfinished)
[79/540] Generating calamares-default_eo.qm
Updating '/home/qqqq/Proyectos/X64-Packages/x64-calamares/src/build/src/branding/calamares-default_eo.qm'...
    Generated 2 translation(s) (2 finished and 0 unfinished)
[80/540] Generating calamares-default_nl.qm
Updating '/home/qqqq/Proyectos/X64-Packages/x64-calamares/src/build/src/branding/calamares-default_nl.qm'...
    Generated 2 translation(s) (2 finished and 0 unfinished)
[81/540] Generating calamares-default_fr.qm
Updating '/home/qqqq/Proyectos/X64-Packages/x64-calamares/src/build/src/branding/calamares-default_fr.qm'...
    Generated 2 translation(s) (2 finished and 0 unfinished)
[82/540] Generating tz_vi.qm
Updating '/home/qqqq/Proyectos/X64-Packages/x64-calamares/src/build/lang/tz_vi.qm'...
    Generated 435 translation(s) (14 finished and 421 unfinished)
[83/540] Generating az_AZ/LC_MESSAGES/calamares-python.mo
[84/540] Generating ast/LC_MESSAGES/calamares-python.mo
[85/540] Generating az/LC_MESSAGES/calamares-python.mo
[86/540] Generating bn/LC_MESSAGES/calamares-python.mo
[87/540] Generating be/LC_MESSAGES/calamares-python.mo
[88/540] Generating bg/LC_MESSAGES/calamares-python.mo
[89/540] Generating ca/LC_MESSAGES/calamares-python.mo
[90/540] Generating ca@valencia/LC_MESSAGES/calamares-python.mo
[91/540] Generating cs_CZ/LC_MESSAGES/calamares-python.mo
[92/540] Generating da/LC_MESSAGES/calamares-python.mo
[93/540] Generating de/LC_MESSAGES/calamares-python.mo
[94/540] Generating el/LC_MESSAGES/calamares-python.mo
[95/540] Generating en_GB/LC_MESSAGES/calamares-python.mo
[96/540] Generating eo/LC_MESSAGES/calamares-python.mo
[97/540] Generating es_AR/LC_MESSAGES/calamares-python.mo
[98/540] Generating es/LC_MESSAGES/calamares-python.mo
[99/540] Generating es_MX/LC_MESSAGES/calamares-python.mo
[100/540] Generating et/LC_MESSAGES/calamares-python.mo
[101/540] Generating eu/LC_MESSAGES/calamares-python.mo
[102/540] Generating fa/LC_MESSAGES/calamares-python.mo
[103/540] Generating fi_FI/LC_MESSAGES/calamares-python.mo
[104/540] Generating fr/LC_MESSAGES/calamares-python.mo
[105/540] Generating fur/LC_MESSAGES/calamares-python.mo
[106/540] Generating hi/LC_MESSAGES/calamares-python.mo
[107/540] Generating he/LC_MESSAGES/calamares-python.mo
[108/540] Generating gl/LC_MESSAGES/calamares-python.mo
[109/540] Generating hr/LC_MESSAGES/calamares-python.mo
[110/540] Generating hu/LC_MESSAGES/calamares-python.mo
[111/540] Generating ia/LC_MESSAGES/calamares-python.mo
[112/540] Generating id/LC_MESSAGES/calamares-python.mo
[113/540] Generating is/LC_MESSAGES/calamares-python.mo
[114/540] Generating ja/LC_MESSAGES/calamares-python.mo
[115/540] Generating it_IT/LC_MESSAGES/calamares-python.mo
[116/540] Generating kk/LC_MESSAGES/calamares-python.mo
[117/540] Generating ko/LC_MESSAGES/calamares-python.mo
[118/540] Generating ka/LC_MESSAGES/calamares-python.mo
[119/540] Generating lg/LC_MESSAGES/calamares-python.mo
[120/540] Generating ml/LC_MESSAGES/calamares-python.mo
[121/540] Generating lt/LC_MESSAGES/calamares-python.mo
[122/540] Generating mr/LC_MESSAGES/calamares-python.mo
[123/540] Generating nb/LC_MESSAGES/calamares-python.mo
[124/540] Generating nl/LC_MESSAGES/calamares-python.mo
[125/540] Generating oc/LC_MESSAGES/calamares-python.mo
[126/540] Generating pl/LC_MESSAGES/calamares-python.mo
[127/540] Generating pt_BR/LC_MESSAGES/calamares-python.mo
[128/540] Generating pt_PT/LC_MESSAGES/calamares-python.mo
[129/540] Generating ro/LC_MESSAGES/calamares-python.mo
[130/540] Generating ru/LC_MESSAGES/calamares-python.mo
[131/540] Generating si/LC_MESSAGES/calamares-python.mo
[132/540] Generating sk/LC_MESSAGES/calamares-python.mo
[133/540] Generating sl/LC_MESSAGES/calamares-python.mo
[134/540] Generating sr/LC_MESSAGES/calamares-python.mo
[135/540] Generating sq/LC_MESSAGES/calamares-python.mo
[136/540] Generating sr@latin/LC_MESSAGES/calamares-python.mo
[137/540] Generating sv/LC_MESSAGES/calamares-python.mo
[138/540] Generating th/LC_MESSAGES/calamares-python.mo
[139/540] Generating tg/LC_MESSAGES/calamares-python.mo
[140/540] Generating tr_TR/LC_MESSAGES/calamares-python.mo
[141/540] Generating uk/LC_MESSAGES/calamares-python.mo
[142/540] Generating vi/LC_MESSAGES/calamares-python.mo
[143/540] Generating uz/LC_MESSAGES/calamares-python.mo
[144/540] Generating zh_TW/LC_MESSAGES/calamares-python.mo
[145/540] Generating zh_CN/LC_MESSAGES/calamares-python.mo
[146/540] cd /home/qqqq/Proyectos/X64-Packages/x64-calamares/src/build/src/branding && /usr/bin/cmake -E make_directory /home/qqqq/Proyectos/X64-Packages/x64-calamares/src/build/src/branding/default/lang/ && /usr/bin/cmake -E copy /home/qqqq/Proyectos/X64-Packages/x64-calamares/src/build/src/branding/calamares-default_ar.qm /home/qqqq/Proyectos/X64-Packages/x64-calamares/src/build/src/branding/calamares-default_en.qm /home/qqqq/Proyectos/X64-Packages/x64-calamares/src/build/src/branding/calamares-default_eo.qm /home/qqqq/Proyectos/X64-Packages/x64-calamares/src/build/src/branding/calamares-default_fr.qm /home/qqqq/Proyectos/X64-Packages/x64-calamares/src/build/src/branding/calamares-default_nl.qm /home/qqqq/Proyectos/X64-Packages/x64-calamares/src/build/src/branding/default/lang/
[147/540] Automatic MOC for target kdsingleapplication
[148/540] Automatic MOC for target calamares
[149/540] Building CXX object 3rdparty/kdsingleapplication/CMakeFiles/kdsingleapplication.dir/kdsingleapplication_autogen/mocs_compilation.cpp.o
[150/540] Building CXX object lang/CMakeFiles/txload.dir/txload.cpp.o
[151/540] Building CXX object 3rdparty/kdsingleapplication/CMakeFiles/kdsingleapplication.dir/kdsingleapplication.cpp.o
[152/540] Building CXX object 3rdparty/kdsingleapplication/CMakeFiles/kdsingleapplication.dir/kdsingleapplication_localsocket.cpp.o
[153/540] Building CXX object src/libcalamares/CMakeFiles/calamares.dir/Job.cpp.o
[154/540] Building CXX object src/libcalamares/CMakeFiles/calamares.dir/CppJob.cpp.o
[155/540] Building CXX object src/libcalamares/CMakeFiles/calamares.dir/CalamaresAbout.cpp.o
[156/540] Building CXX object src/libcalamares/CMakeFiles/calamares.dir/GlobalStorage.cpp.o
[157/540] Building CXX object src/libcalamares/CMakeFiles/calamares.dir/JobExample.cpp.o
[158/540] Generating qrc_calamares-i18n.cxx
[159/540] Building CXX object src/libcalamares/CMakeFiles/calamares.dir/calamares_autogen/mocs_compilation.cpp.o
[160/540] Building CXX object src/libcalamares/CMakeFiles/calamares.dir/geoip/GeoIPFixed.cpp.o
[161/540] Building CXX object src/libcalamares/CMakeFiles/calamares.dir/geoip/Interface.cpp.o
[162/540] Building CXX object src/libcalamares/CMakeFiles/calamares.dir/ProcessJob.cpp.o
[163/540] Building CXX object src/libcalamares/CMakeFiles/calamares.dir/JobQueue.cpp.o
[164/540] Building CXX object src/libcalamares/CMakeFiles/calamares.dir/geoip/GeoIPJSON.cpp.o
[165/540] Building CXX object src/libcalamares/CMakeFiles/calamares.dir/Settings.cpp.o
[166/540] Building CXX object src/libcalamares/CMakeFiles/calamares.dir/locale/TranslatableString.cpp.o
[167/540] Building CXX object src/libcalamares/CMakeFiles/calamares.dir/locale/Global.cpp.o
[168/540] Building CXX object src/libcalamares/CMakeFiles/calamares.dir/geoip/Handler.cpp.o
[169/540] Building CXX object src/libcalamares/CMakeFiles/calamares.dir/locale/Lookup.cpp.o
[170/540] Building CXX object src/libcalamares/CMakeFiles/calamares.dir/locale/TranslatableConfiguration.cpp.o
[171/540] Building CXX object src/libcalamares/CMakeFiles/calamares.dir/locale/Translation.cpp.o
[172/540] Building CXX object src/libcalamares/CMakeFiles/calamares.dir/locale/TimeZone.cpp.o
/home/qqqq/Proyectos/X64-Packages/x64-calamares/src/calamares-3.4.2/src/libcalamares/locale/TimeZone.cpp: In member function ‘void Calamares::Locale::RegionalZonesModel::setRegion(const QString&)’:
/home/qqqq/Proyectos/X64-Packages/x64-calamares/src/calamares-3.4.2/src/libcalamares/locale/TimeZone.cpp:474:25: warning: ‘void QSortFilterProxyModel::invalidateFilter()’ es obsoleto: Use begin/endFilterChange() instead [-Wdeprecated-declarations]
  474 |         invalidateFilter();
      |         ~~~~~~~~~~~~~~~~^~
In file included from /usr/include/qt6/QtCore/QSortFilterProxyModel:1,
                 from /home/qqqq/Proyectos/X64-Packages/x64-calamares/src/calamares-3.4.2/src/libcalamares/locale/TimeZone.h:31,
                 from /home/qqqq/Proyectos/X64-Packages/x64-calamares/src/calamares-3.4.2/src/libcalamares/locale/TimeZone.cpp:11:
/usr/include/qt6/QtCore/qsortfilterproxymodel.h:128:10: note: se declara aquí
  128 |     void invalidateFilter();
      |          ^~~~~~~~~~~~~~~~
[173/540] Building CXX object src/libcalamares/CMakeFiles/calamares.dir/locale/TranslationsModel.cpp.o
[174/540] Building CXX object src/libcalamares/CMakeFiles/calamares.dir/modulesystem/InstanceKey.cpp.o
[175/540] Building CXX object src/libcalamares/CMakeFiles/calamares.dir/modulesystem/Descriptor.cpp.o
[176/540] Building CXX object src/libcalamares/CMakeFiles/calamares.dir/modulesystem/Config.cpp.o
[177/540] Building CXX object src/libcalamares/CMakeFiles/calamares.dir/modulesystem/Preset.cpp.o
[178/540] Building CXX object src/libcalamares/CMakeFiles/calamares.dir/modulesystem/RequirementsModel.cpp.o
[179/540] Building CXX object src/libcalamares/CMakeFiles/calamares.dir/modulesystem/Module.cpp.o
[180/540] Building CXX object src/libcalamares/CMakeFiles/calamares.dir/partition/PartitionSize.cpp.o
[181/540] Building CXX object src/libcalamares/CMakeFiles/calamares.dir/packages/Globals.cpp.o
[182/540] Building CXX object src/libcalamares/CMakeFiles/calamares.dir/partition/Global.cpp.o
[183/540] Building CXX object src/libcalamares/CMakeFiles/calamares.dir/partition/Sync.cpp.o
[184/540] Building CXX object src/libcalamares/CMakeFiles/calamares.dir/network/Manager.cpp.o
[185/540] Building CXX object src/libcalamares/CMakeFiles/calamares.dir/modulesystem/RequirementsChecker.cpp.o
[186/540] Building CXX object src/libcalamares/CMakeFiles/calamares.dir/partition/Mount.cpp.o
[187/540] Building CXX object src/libcalamares/CMakeFiles/calamares.dir/utils/Entropy.cpp.o
[188/540] Building CXX object src/libcalamares/CMakeFiles/calamares.dir/utils/CommandList.cpp.o
[189/540] Building CXX object src/libcalamares/CMakeFiles/calamares.dir/utils/UMask.cpp.o
[190/540] Building CXX object src/libcalamares/CMakeFiles/calamares.dir/utils/PluginFactory.cpp.o
[191/540] Building CXX object src/libcalamares/CMakeFiles/calamares.dir/utils/Permissions.cpp.o
[192/540] Building CXX object src/libcalamares/CMakeFiles/calamares.dir/utils/Dirs.cpp.o
[193/540] Building CXX object src/libcalamares/CMakeFiles/calamares.dir/utils/Logger.cpp.o
/home/qqqq/Proyectos/X64-Packages/x64-calamares/src/calamares-3.4.2/src/libcalamares/utils/Logger.cpp: In function ‘void Logger::setupLogfile()’:
/home/qqqq/Proyectos/X64-Packages/x64-calamares/src/calamares-3.4.2/src/libcalamares/utils/Logger.cpp:169:19: warning: ignoring return value of ‘virtual bool QFile::open(QIODeviceBase::OpenMode)’, declared with attribute ‘nodiscard’ [-Wunused-result]
  169 |             f.open( QIODevice::ReadOnly | QIODevice::Text );
      |             ~~~~~~^~~~~~~~~~~~~~~~~~~~~~~~~~~~~~~~~~~~~~~~~
In file included from /usr/include/qt6/QtCore/qdir.h:11,
                 from /usr/include/qt6/QtCore/QDir:1,
                 from /home/qqqq/Proyectos/X64-Packages/x64-calamares/src/calamares-3.4.2/src/libcalamares/utils/Dirs.h:22,
                 from /home/qqqq/Proyectos/X64-Packages/x64-calamares/src/calamares-3.4.2/src/libcalamares/utils/Logger.cpp:19:
/usr/include/qt6/QtCore/qfile.h:264:32: note: se declara aquí
  264 |     QFILE_MAYBE_NODISCARD bool open(OpenMode flags) override;
      |                                ^~~~
/home/qqqq/Proyectos/X64-Packages/x64-calamares/src/calamares-3.4.2/src/libcalamares/utils/Logger.cpp:178:19: warning: ignoring return value of ‘virtual bool QFile::open(QIODeviceBase::OpenMode)’, declared with attribute ‘nodiscard’ [-Wunused-result]
  178 |             f.open( QIODevice::WriteOnly | QIODevice::Text );
      |             ~~~~~~^~~~~~~~~~~~~~~~~~~~~~~~~~~~~~~~~~~~~~~~~~
/usr/include/qt6/QtCore/qfile.h:264:32: note: se declara aquí
  264 |     QFILE_MAYBE_NODISCARD bool open(OpenMode flags) override;
      |                                ^~~~
[194/540] Building CXX object src/libcalamares/CMakeFiles/calamares.dir/utils/String.cpp.o
[195/540] Building CXX object src/libcalamares/CMakeFiles/calamares.dir/utils/StringExpander.cpp.o
[196/540] Building CXX object src/libcalamares/CMakeFiles/calamares.dir/utils/Retranslator.cpp.o
[197/540] Building CXX object src/libcalamares/CMakeFiles/calamares.dir/utils/Runner.cpp.o
[198/540] Building CXX object src/libcalamares/CMakeFiles/calamares.dir/utils/Variant.cpp.o
[199/540] Building CXX object src/libcalamares/CMakeFiles/calamares.dir/utils/System.cpp.o
[200/540] Building CXX object src/libcalamares/CMakeFiles/calamares.dir/geoip/GeoIPXML.cpp.o
[201/540] Building CXX object src/libcalamares/CMakeFiles/calamares.dir/partition/FileSystem.cpp.o
[202/540] Building CXX object src/libcalamares/CMakeFiles/calamares.dir/utils/Yaml.cpp.o
[203/540] Linking CXX static library libkdsingleapplication.a
[204/540] Building CXX object lang/CMakeFiles/calamares-i18n.dir/qrc_calamares-i18n.cxx.o
[205/540] Building CXX object src/libcalamares/CMakeFiles/calamares.dir/partition/KPMManager.cpp.o
[206/540] Linking CXX executable lang/txload
[207/540] Building CXX object src/libcalamares/CMakeFiles/calamares.dir/partition/PartitionIterator.cpp.o
[208/540] Building CXX object src/libcalamares/CMakeFiles/calamares.dir/partition/AutoMount.cpp.o
[209/540] Building CXX object src/libcalamares/CMakeFiles/calamares.dir/python/Variant.cpp.o
In file included from /home/qqqq/Proyectos/X64-Packages/x64-calamares/src/calamares-3.4.2/3rdparty/pybind11/include/pybind11/detail/../cast.h:15,
                 from /home/qqqq/Proyectos/X64-Packages/x64-calamares/src/calamares-3.4.2/3rdparty/pybind11/include/pybind11/detail/../attr.h:14,
                 from /home/qqqq/Proyectos/X64-Packages/x64-calamares/src/calamares-3.4.2/3rdparty/pybind11/include/pybind11/detail/class.h:12,
                 from /home/qqqq/Proyectos/X64-Packages/x64-calamares/src/calamares-3.4.2/3rdparty/pybind11/include/pybind11/pybind11.h:13,
                 from /home/qqqq/Proyectos/X64-Packages/x64-calamares/src/calamares-3.4.2/src/libcalamares/pybind11/PythonTypes.h:30,
                 from /home/qqqq/Proyectos/X64-Packages/x64-calamares/src/calamares-3.4.2/src/libcalamares/python/Variant.h:22,
                 from /home/qqqq/Proyectos/X64-Packages/x64-calamares/src/calamares-3.4.2/src/libcalamares/python/Variant.cpp:11:
/home/qqqq/Proyectos/X64-Packages/x64-calamares/src/calamares-3.4.2/3rdparty/pybind11/include/pybind11/detail/../detail/type_caster_base.h: In function ‘PyThreadState* pybind11::detail::get_thread_state_unchecked()’:
/home/qqqq/Proyectos/X64-Packages/x64-calamares/src/calamares-3.4.2/3rdparty/pybind11/include/pybind11/detail/../detail/type_caster_base.h:490:39: warning: ‘PyThreadState* _PyThreadState_UncheckedGet()’ es obsoleto [-Wdeprecated-declarations]
  490 |     return _PyThreadState_UncheckedGet();
      |            ~~~~~~~~~~~~~~~~~~~~~~~~~~~^~
In file included from /usr/include/python3.14/pystate.h:125,
                 from /usr/include/python3.14/Python.h:119,
                 from /home/qqqq/Proyectos/X64-Packages/x64-calamares/src/calamares-3.4.2/3rdparty/pybind11/include/pybind11/detail/../detail/common.h:266,
                 from /home/qqqq/Proyectos/X64-Packages/x64-calamares/src/calamares-3.4.2/3rdparty/pybind11/include/pybind11/detail/../attr.h:13:
/usr/include/python3.14/cpython/pystate.h:223:1: note: se declara aquí
  223 | _PyThreadState_UncheckedGet(void)
      | ^~~~~~~~~~~~~~~~~~~~~~~~~~~
In file included from /home/qqqq/Proyectos/X64-Packages/x64-calamares/src/calamares-3.4.2/3rdparty/pybind11/include/pybind11/embed.h:13,
                 from /home/qqqq/Proyectos/X64-Packages/x64-calamares/src/calamares-3.4.2/src/libcalamares/pybind11/PythonTypes.h:32:
/home/qqqq/Proyectos/X64-Packages/x64-calamares/src/calamares-3.4.2/3rdparty/pybind11/include/pybind11/eval.h: In function ‘pybind11::object pybind11::eval_file(str, object, object)’:
/home/qqqq/Proyectos/X64-Packages/x64-calamares/src/calamares-3.4.2/3rdparty/pybind11/include/pybind11/eval.h:136:28: warning: ‘FILE* _Py_fopen_obj(PyObject*, const char*)’ es obsoleto [-Wdeprecated-declarations]
  136 |     FILE *f = _Py_fopen_obj(fname.ptr(), "r");
      |               ~~~~~~~~~~~~~^~~~~~~~~~~~~~~~~~
In file included from /usr/include/python3.14/fileutils.h:55,
                 from /usr/include/python3.14/Python.h:146:
/usr/include/python3.14/cpython/fileutils.h:11:1: note: se declara aquí
   11 | _Py_fopen_obj(PyObject *path, const char *mode)
      | ^~~~~~~~~~~~~
[210/540] Building CXX object src/libcalamares/CMakeFiles/calamares.dir/partition/PartitionQuery.cpp.o
[211/540] Building CXX object src/libcalamares/CMakeFiles/calamares.dir/pybind11/Api.cpp.o
In file included from /home/qqqq/Proyectos/X64-Packages/x64-calamares/src/calamares-3.4.2/3rdparty/pybind11/include/pybind11/detail/../cast.h:15,
                 from /home/qqqq/Proyectos/X64-Packages/x64-calamares/src/calamares-3.4.2/3rdparty/pybind11/include/pybind11/detail/../attr.h:14,
                 from /home/qqqq/Proyectos/X64-Packages/x64-calamares/src/calamares-3.4.2/3rdparty/pybind11/include/pybind11/detail/class.h:12,
                 from /home/qqqq/Proyectos/X64-Packages/x64-calamares/src/calamares-3.4.2/3rdparty/pybind11/include/pybind11/pybind11.h:13,
                 from /home/qqqq/Proyectos/X64-Packages/x64-calamares/src/calamares-3.4.2/src/libcalamares/pybind11/PythonTypes.h:30,
                 from /home/qqqq/Proyectos/X64-Packages/x64-calamares/src/calamares-3.4.2/src/libcalamares/pybind11/Api.h:20,
                 from /home/qqqq/Proyectos/X64-Packages/x64-calamares/src/calamares-3.4.2/src/libcalamares/pybind11/Api.cpp:10:
/home/qqqq/Proyectos/X64-Packages/x64-calamares/src/calamares-3.4.2/3rdparty/pybind11/include/pybind11/detail/../detail/type_caster_base.h: In function ‘PyThreadState* pybind11::detail::get_thread_state_unchecked()’:
/home/qqqq/Proyectos/X64-Packages/x64-calamares/src/calamares-3.4.2/3rdparty/pybind11/include/pybind11/detail/../detail/type_caster_base.h:490:39: warning: ‘PyThreadState* _PyThreadState_UncheckedGet()’ es obsoleto [-Wdeprecated-declarations]
  490 |     return _PyThreadState_UncheckedGet();
      |            ~~~~~~~~~~~~~~~~~~~~~~~~~~~^~
In file included from /usr/include/python3.14/pystate.h:125,
                 from /usr/include/python3.14/Python.h:119,
                 from /home/qqqq/Proyectos/X64-Packages/x64-calamares/src/calamares-3.4.2/3rdparty/pybind11/include/pybind11/detail/../detail/common.h:266,
                 from /home/qqqq/Proyectos/X64-Packages/x64-calamares/src/calamares-3.4.2/3rdparty/pybind11/include/pybind11/detail/../attr.h:13:
/usr/include/python3.14/cpython/pystate.h:223:1: note: se declara aquí
  223 | _PyThreadState_UncheckedGet(void)
      | ^~~~~~~~~~~~~~~~~~~~~~~~~~~
In file included from /home/qqqq/Proyectos/X64-Packages/x64-calamares/src/calamares-3.4.2/3rdparty/pybind11/include/pybind11/embed.h:13,
                 from /home/qqqq/Proyectos/X64-Packages/x64-calamares/src/calamares-3.4.2/src/libcalamares/pybind11/PythonTypes.h:32:
/home/qqqq/Proyectos/X64-Packages/x64-calamares/src/calamares-3.4.2/3rdparty/pybind11/include/pybind11/eval.h: In function ‘pybind11::object pybind11::eval_file(str, object, object)’:
/home/qqqq/Proyectos/X64-Packages/x64-calamares/src/calamares-3.4.2/3rdparty/pybind11/include/pybind11/eval.h:136:28: warning: ‘FILE* _Py_fopen_obj(PyObject*, const char*)’ es obsoleto [-Wdeprecated-declarations]
  136 |     FILE *f = _Py_fopen_obj(fname.ptr(), "r");
      |               ~~~~~~~~~~~~~^~~~~~~~~~~~~~~~~~
In file included from /usr/include/python3.14/fileutils.h:55,
                 from /usr/include/python3.14/Python.h:146:
/usr/include/python3.14/cpython/fileutils.h:11:1: note: se declara aquí
   11 | _Py_fopen_obj(PyObject *path, const char *mode)
      | ^~~~~~~~~~~~~
[212/540] Building CXX object src/libcalamares/CMakeFiles/test_automount.dir/partition/calautomount.cpp.o
[213/540] Building CXX object src/libcalamares/CMakeFiles/calamares.dir/python/Api.cpp.o
In file included from /home/qqqq/Proyectos/X64-Packages/x64-calamares/src/calamares-3.4.2/3rdparty/pybind11/include/pybind11/detail/../cast.h:15,
                 from /home/qqqq/Proyectos/X64-Packages/x64-calamares/src/calamares-3.4.2/3rdparty/pybind11/include/pybind11/detail/../attr.h:14,
                 from /home/qqqq/Proyectos/X64-Packages/x64-calamares/src/calamares-3.4.2/3rdparty/pybind11/include/pybind11/detail/class.h:12,
                 from /home/qqqq/Proyectos/X64-Packages/x64-calamares/src/calamares-3.4.2/3rdparty/pybind11/include/pybind11/pybind11.h:13,
                 from /home/qqqq/Proyectos/X64-Packages/x64-calamares/src/calamares-3.4.2/src/libcalamares/pybind11/PythonTypes.h:30,
                 from /home/qqqq/Proyectos/X64-Packages/x64-calamares/src/calamares-3.4.2/src/libcalamares/python/Api.h:20,
                 from /home/qqqq/Proyectos/X64-Packages/x64-calamares/src/calamares-3.4.2/src/libcalamares/python/Api.cpp:10:
/home/qqqq/Proyectos/X64-Packages/x64-calamares/src/calamares-3.4.2/3rdparty/pybind11/include/pybind11/detail/../detail/type_caster_base.h: In function ‘PyThreadState* pybind11::detail::get_thread_state_unchecked()’:
/home/qqqq/Proyectos/X64-Packages/x64-calamares/src/calamares-3.4.2/3rdparty/pybind11/include/pybind11/detail/../detail/type_caster_base.h:490:39: warning: ‘PyThreadState* _PyThreadState_UncheckedGet()’ es obsoleto [-Wdeprecated-declarations]
  490 |     return _PyThreadState_UncheckedGet();
      |            ~~~~~~~~~~~~~~~~~~~~~~~~~~~^~
In file included from /usr/include/python3.14/pystate.h:125,
                 from /usr/include/python3.14/Python.h:119,
                 from /home/qqqq/Proyectos/X64-Packages/x64-calamares/src/calamares-3.4.2/3rdparty/pybind11/include/pybind11/detail/../detail/common.h:266,
                 from /home/qqqq/Proyectos/X64-Packages/x64-calamares/src/calamares-3.4.2/3rdparty/pybind11/include/pybind11/detail/../attr.h:13:
/usr/include/python3.14/cpython/pystate.h:223:1: note: se declara aquí
  223 | _PyThreadState_UncheckedGet(void)
      | ^~~~~~~~~~~~~~~~~~~~~~~~~~~
In file included from /home/qqqq/Proyectos/X64-Packages/x64-calamares/src/calamares-3.4.2/3rdparty/pybind11/include/pybind11/embed.h:13,
                 from /home/qqqq/Proyectos/X64-Packages/x64-calamares/src/calamares-3.4.2/src/libcalamares/pybind11/PythonTypes.h:32:
/home/qqqq/Proyectos/X64-Packages/x64-calamares/src/calamares-3.4.2/3rdparty/pybind11/include/pybind11/eval.h: In function ‘pybind11::object pybind11::eval_file(str, object, object)’:
/home/qqqq/Proyectos/X64-Packages/x64-calamares/src/calamares-3.4.2/3rdparty/pybind11/include/pybind11/eval.h:136:28: warning: ‘FILE* _Py_fopen_obj(PyObject*, const char*)’ es obsoleto [-Wdeprecated-declarations]
  136 |     FILE *f = _Py_fopen_obj(fname.ptr(), "r");
      |               ~~~~~~~~~~~~~^~~~~~~~~~~~~~~~~~
In file included from /usr/include/python3.14/fileutils.h:55,
                 from /usr/include/python3.14/Python.h:146:
/usr/include/python3.14/cpython/fileutils.h:11:1: note: se declara aquí
   11 | _Py_fopen_obj(PyObject *path, const char *mode)
      | ^~~~~~~~~~~~~
[214/540] Building CXX object src/libcalamares/CMakeFiles/calamares.dir/pybind11/PythonJob.cpp.o
In file included from /home/qqqq/Proyectos/X64-Packages/x64-calamares/src/calamares-3.4.2/3rdparty/pybind11/include/pybind11/detail/../cast.h:15,
                 from /home/qqqq/Proyectos/X64-Packages/x64-calamares/src/calamares-3.4.2/3rdparty/pybind11/include/pybind11/detail/../attr.h:14,
                 from /home/qqqq/Proyectos/X64-Packages/x64-calamares/src/calamares-3.4.2/3rdparty/pybind11/include/pybind11/detail/class.h:12,
                 from /home/qqqq/Proyectos/X64-Packages/x64-calamares/src/calamares-3.4.2/3rdparty/pybind11/include/pybind11/pybind11.h:13,
                 from /home/qqqq/Proyectos/X64-Packages/x64-calamares/src/calamares-3.4.2/src/libcalamares/pybind11/PythonTypes.h:30,
                 from /home/qqqq/Proyectos/X64-Packages/x64-calamares/src/calamares-3.4.2/src/libcalamares/pybind11/Api.h:20,
                 from /home/qqqq/Proyectos/X64-Packages/x64-calamares/src/calamares-3.4.2/src/libcalamares/pybind11/PythonJob.cpp:14:
/home/qqqq/Proyectos/X64-Packages/x64-calamares/src/calamares-3.4.2/3rdparty/pybind11/include/pybind11/detail/../detail/type_caster_base.h: In function ‘PyThreadState* pybind11::detail::get_thread_state_unchecked()’:
/home/qqqq/Proyectos/X64-Packages/x64-calamares/src/calamares-3.4.2/3rdparty/pybind11/include/pybind11/detail/../detail/type_caster_base.h:490:39: warning: ‘PyThreadState* _PyThreadState_UncheckedGet()’ es obsoleto [-Wdeprecated-declarations]
  490 |     return _PyThreadState_UncheckedGet();
      |            ~~~~~~~~~~~~~~~~~~~~~~~~~~~^~
In file included from /usr/include/python3.14/pystate.h:125,
                 from /usr/include/python3.14/Python.h:119,
                 from /home/qqqq/Proyectos/X64-Packages/x64-calamares/src/calamares-3.4.2/3rdparty/pybind11/include/pybind11/detail/../detail/common.h:266,
                 from /home/qqqq/Proyectos/X64-Packages/x64-calamares/src/calamares-3.4.2/3rdparty/pybind11/include/pybind11/detail/../attr.h:13:
/usr/include/python3.14/cpython/pystate.h:223:1: note: se declara aquí
  223 | _PyThreadState_UncheckedGet(void)
      | ^~~~~~~~~~~~~~~~~~~~~~~~~~~
In file included from /home/qqqq/Proyectos/X64-Packages/x64-calamares/src/calamares-3.4.2/3rdparty/pybind11/include/pybind11/embed.h:13,
                 from /home/qqqq/Proyectos/X64-Packages/x64-calamares/src/calamares-3.4.2/src/libcalamares/pybind11/PythonTypes.h:32:
/home/qqqq/Proyectos/X64-Packages/x64-calamares/src/calamares-3.4.2/3rdparty/pybind11/include/pybind11/eval.h: In function ‘pybind11::object pybind11::eval_file(str, object, object)’:
/home/qqqq/Proyectos/X64-Packages/x64-calamares/src/calamares-3.4.2/3rdparty/pybind11/include/pybind11/eval.h:136:28: warning: ‘FILE* _Py_fopen_obj(PyObject*, const char*)’ es obsoleto [-Wdeprecated-declarations]
  136 |     FILE *f = _Py_fopen_obj(fname.ptr(), "r");
      |               ~~~~~~~~~~~~~^~~~~~~~~~~~~~~~~~
In file included from /usr/include/python3.14/fileutils.h:55,
                 from /usr/include/python3.14/Python.h:146:
/usr/include/python3.14/cpython/fileutils.h:11:1: note: se declara aquí
   11 | _Py_fopen_obj(PyObject *path, const char *mode)
      | ^~~~~~~~~~~~~
[215/540] Linking CXX shared library libcalamares.so.3.4.2
[216/540] Creating library symlink libcalamares.so.3.4 libcalamares.so
[217/540] Automatic MOC for target test_geoip
[218/540] Automatic MOC for target calamares_job_contextualprocess
[219/540] Automatic MOC for target calamares_job_luksbootkeyfile
[220/540] Automatic MOC for target calamares_job_luksopenswaphookcfg
[221/540] Automatic MOC for target calamares_job_hostinfo
[222/540] Automatic MOC for target calamares_job_initcpio
[223/540] Automatic MOC for target calamares_job_fsresizer
[224/540] Automatic MOC for target calamares_job_preservefiles
[225/540] Building CXX object src/libcalamares/CMakeFiles/test_geoip.dir/test_geoip_autogen/mocs_compilation.cpp.o
[226/540] Automatic MOC for target calamares_job_machineid
[227/540] Automatic MOC for target calamares_job_removeuser
[228/540] Automatic MOC for target users_internal
[229/540] Automatic MOC for target calamares_job_umount
[230/540] Automatic MOC for target calamares_job_shellprocess
[231/540] Automatic MOC for target calamares_job_zfs
[232/540] Automatic MOC for target calamares_job_unpackfsc
[233/540] Automatic MOC and UIC for target calamaresui
[234/540] Automatic RCC for libcalamaresui.qrc
[235/540] Building CXX object src/libcalamares/CMakeFiles/test_geoip.dir/geoip/test_geoip.cpp.o
[236/540] Building CXX object src/libcalamares/CMakeFiles/test_geoip.dir/geoip/GeoIPFixed.cpp.o
[237/540] Building CXX object src/modules/users/CMakeFiles/users_internal.dir/users_internal_autogen/mocs_compilation.cpp.o
[238/540] Building CXX object src/modules/contextualprocess/CMakeFiles/calamares_job_contextualprocess.dir/calamares_job_contextualprocess_autogen/mocs_compilation.cpp.o
[239/540] Building CXX object src/modules/users/CMakeFiles/users_internal.dir/ActiveDirectoryJob.cpp.o
[240/540] Building CXX object src/libcalamares/CMakeFiles/test_geoip.dir/geoip/GeoIPJSON.cpp.o
[241/540] Building CXX object src/modules/users/CMakeFiles/users_internal.dir/MiscJobs.cpp.o
[242/540] Building CXX object src/modules/users/CMakeFiles/users_internal.dir/SetPasswordJob.cpp.o
[243/540] Building CXX object src/modules/users/CMakeFiles/users_internal.dir/CreateUserJob.cpp.o
[244/540] Building CXX object src/libcalamaresui/CMakeFiles/calamaresui.dir/modulesystem/CppJobModule.cpp.o
[245/540] Building CXX object src/libcalamaresui/CMakeFiles/calamaresui.dir/calamaresui_autogen/mocs_compilation.cpp.o
[246/540] Building CXX object src/libcalamaresui/CMakeFiles/calamaresui.dir/modulesystem/ModuleFactory.cpp.o
[247/540] Building CXX object src/libcalamaresui/CMakeFiles/calamaresui.dir/modulesystem/ProcessJobModule.cpp.o
[248/540] Building CXX object src/libcalamaresui/CMakeFiles/calamaresui.dir/utils/ImageRegistry.cpp.o
[249/540] Building CXX object src/libcalamaresui/CMakeFiles/calamaresui.dir/utils/Gui.cpp.o
[250/540] Building CXX object src/libcalamaresui/CMakeFiles/calamaresui.dir/modulesystem/ViewModule.cpp.o
[251/540] Building CXX object src/libcalamaresui/CMakeFiles/calamaresui.dir/utils/Paste.cpp.o
[252/540] Building CXX object src/libcalamaresui/CMakeFiles/calamaresui.dir/modulesystem/ModuleManager.cpp.o
[253/540] Building CXX object src/libcalamaresui/CMakeFiles/calamaresui.dir/viewpages/BlankViewStep.cpp.o
[254/540] Building CXX object src/libcalamaresui/CMakeFiles/calamaresui.dir/viewpages/ViewStep.cpp.o
[255/540] Building CXX object src/libcalamaresui/CMakeFiles/calamaresui.dir/widgets/ClickableLabel.cpp.o
[256/540] Building CXX object src/libcalamaresui/CMakeFiles/calamaresui.dir/widgets/FixedAspectRatioLabel.cpp.o
[257/540] Building CXX object src/libcalamaresui/CMakeFiles/calamaresui.dir/viewpages/Slideshow.cpp.o
[258/540] Building CXX object src/libcalamaresui/CMakeFiles/calamaresui.dir/widgets/ErrorDialog.cpp.o
[259/540] Building CXX object src/libcalamaresui/CMakeFiles/calamaresui.dir/widgets/TranslationFix.cpp.o
[260/540] Building CXX object src/libcalamaresui/CMakeFiles/calamaresui.dir/widgets/PrettyRadioButton.cpp.o
[261/540] Building CXX object src/libcalamaresui/CMakeFiles/calamaresui.dir/widgets/LogWidget.cpp.o
[262/540] Building CXX object src/libcalamaresui/CMakeFiles/calamaresui.dir/calamaresui_autogen/EWIEGA46WW/qrc_libcalamaresui.cpp.o
[263/540] Building CXX object src/libcalamaresui/CMakeFiles/calamaresui.dir/viewpages/ExecutionViewStep.cpp.o
[264/540] Building CXX object src/libcalamaresui/CMakeFiles/calamaresui.dir/widgets/WaitingWidget.cpp.o
[265/540] Building CXX object src/libcalamaresui/CMakeFiles/calamaresui.dir/widgets/waitingspinnerwidget.cpp.o
[266/540] Building CXX object src/libcalamaresui/CMakeFiles/calamaresui.dir/modulesystem/PythonJobModule.cpp.o
[267/540] Building CXX object src/modules/users/CMakeFiles/users_internal.dir/CheckPWQuality.cpp.o
[268/540] Building CXX object src/modules/contextualprocess/CMakeFiles/calamares_job_contextualprocess.dir/ContextualProcessJob.cpp.o
[269/540] Building CXX object src/libcalamaresui/CMakeFiles/calamaresui.dir/Branding.cpp.o
/home/qqqq/Proyectos/X64-Packages/x64-calamares/src/calamares-3.4.2/src/libcalamaresui/Branding.cpp: In function ‘QString Calamares::_stylesheet(const QDir&)’:
/home/qqqq/Proyectos/X64-Packages/x64-calamares/src/calamares-3.4.2/src/libcalamaresui/Branding.cpp:411:28: warning: ignoring return value of ‘virtual bool QFile::open(QIODeviceBase::OpenMode)’, declared with attribute ‘nodiscard’ [-Wunused-result]
  411 |         stylesheetFile.open( QFile::ReadOnly );
      |         ~~~~~~~~~~~~~~~~~~~^~~~~~~~~~~~~~~~~~~
In file included from /usr/include/qt6/QtCore/qdir.h:11,
                 from /usr/include/qt6/QtCore/QDir:1,
                 from /home/qqqq/Proyectos/X64-Packages/x64-calamares/src/calamares-3.4.2/src/libcalamaresui/Branding.cpp:24:
/usr/include/qt6/QtCore/qfile.h:264:32: note: se declara aquí
  264 |     QFILE_MAYBE_NODISCARD bool open(OpenMode flags) override;
      |                                ^~~~
[270/540] Building CXX object src/libcalamaresui/CMakeFiles/calamaresui.dir/ViewManager.cpp.o
[271/540] Building CXX object src/modules/users/CMakeFiles/users_internal.dir/SetHostNameJob.cpp.o
[272/540] Building CXX object src/libcalamaresui/CMakeFiles/calamaresui.dir/viewpages/QmlViewStep.cpp.o
[273/540] Building CXX object src/libcalamaresui/CMakeFiles/calamaresui.dir/utils/Qml.cpp.o
[274/540] Building CXX object src/modules/users/CMakeFiles/users_internal.dir/Config.cpp.o
[275/540] Building CXX object src/modules/fsresizer/CMakeFiles/calamares_job_fsresizer.dir/calamares_job_fsresizer_autogen/mocs_compilation.cpp.o
[276/540] Building CXX object src/modules/fsresizer/CMakeFiles/calamares_job_fsresizer.dir/ResizeFSJob.cpp.o
[277/540] Building CXX object src/modules/hostinfo/CMakeFiles/calamares_job_hostinfo.dir/calamares_job_hostinfo_autogen/mocs_compilation.cpp.o
[278/540] Building CXX object src/modules/hostinfo/CMakeFiles/calamares_job_hostinfo.dir/HostInfoJob.cpp.o
[279/540] Building CXX object src/modules/initcpio/CMakeFiles/calamares_job_initcpio.dir/calamares_job_initcpio_autogen/mocs_compilation.cpp.o
[280/540] Building CXX object src/modules/initcpio/CMakeFiles/calamares_job_initcpio.dir/InitcpioJob.cpp.o
[281/540] Building CXX object src/modules/luksbootkeyfile/CMakeFiles/calamares_job_luksbootkeyfile.dir/calamares_job_luksbootkeyfile_autogen/mocs_compilation.cpp.o
[282/540] Building CXX object src/modules/luksbootkeyfile/CMakeFiles/calamares_job_luksbootkeyfile.dir/LuksBootKeyFileJob.cpp.o
[283/540] Building CXX object src/modules/luksopenswaphookcfg/CMakeFiles/calamares_job_luksopenswaphookcfg.dir/calamares_job_luksopenswaphookcfg_autogen/mocs_compilation.cpp.o
[284/540] Linking CXX shared library libcalamaresui.so.3.4.2
[285/540] Creating library symlink libcalamaresui.so.3.4 libcalamaresui.so
[286/540] Building CXX object src/modules/machineid/CMakeFiles/calamares_job_machineid.dir/calamares_job_machineid_autogen/mocs_compilation.cpp.o
[287/540] Automatic MOC and UIC for target calamares_bin
[288/540] Building CXX object src/modules/luksopenswaphookcfg/CMakeFiles/calamares_job_luksopenswaphookcfg.dir/LOSHJob.cpp.o
[289/540] Automatic MOC for target calamares_viewmodule_finishedq
[290/540] Automatic MOC for target calamares_viewmodule_keyboardq
[291/540] Building CXX object src/modules/preservefiles/CMakeFiles/calamares_job_preservefiles.dir/calamares_job_preservefiles_autogen/mocs_compilation.cpp.o
[292/540] Building CXX object src/modules/machineid/CMakeFiles/calamares_job_machineid.dir/MachineIdJob.cpp.o
[293/540] Automatic MOC and UIC for target calamares_viewmodule_keyboard
[294/540] Building CXX object src/modules/machineid/CMakeFiles/calamares_job_machineid.dir/Workers.cpp.o
[295/540] Automatic MOC for target calamares_viewmodule_localeq
[296/540] Automatic MOC for target calamares_viewmodule_notesqml
[297/540] Building CXX object src/modules/preservefiles/CMakeFiles/calamares_job_preservefiles.dir/Item.cpp.o
[298/540] Automatic MOC for target calamares_viewmodule_locale
[299/540] Automatic MOC and UIC for target calamares_viewmodule_plasmalnf
[300/540] Automatic MOC for target calamares_viewmodule_summaryq
[301/540] Automatic RCC for calamares.qrc
[302/540] Automatic RCC for finishedq-qt6.qrc
[303/540] Automatic MOC and UIC for target calamares_viewmodule_tracking
[304/540] Automatic RCC for keyboard.qrc
[305/540] Automatic RCC for keyboardq-qt6.qrc
[306/540] Automatic MOC and UIC for target calamares_viewmodule_users
[307/540] Automatic MOC for target calamares_viewmodule_usersq
[308/540] Automatic RCC for locale.qrc
[309/540] Automatic MOC for target calamares_viewmodule_welcomeq
[310/540] Automatic RCC for notesqml.qrc
[311/540] Building CXX object src/modules/preservefiles/CMakeFiles/calamares_job_preservefiles.dir/PreserveFiles.cpp.o
[312/540] Automatic RCC for page_plasmalnf.qrc
[313/540] Automatic MOC and UIC for target calamares_viewmodule_finished
[314/540] Automatic RCC for summaryq-qt6.qrc
[315/540] Automatic RCC for localeq-qt6.qrc
[316/540] Automatic MOC and UIC for target calamares_viewmodule_license
[317/540] Automatic RCC for page_trackingstep.qrc
[318/540] Automatic RCC for users.qrc
[319/540] Automatic RCC for usersq-qt6.qrc
[320/540] Automatic RCC for welcomeq-qt6.qrc
[321/540] Automatic MOC and UIC for target calamares_viewmodule_welcome
[322/540] Automatic RCC for welcome.qrc
[323/540] Automatic MOC and UIC for target calamares_viewmodule_oemid
[324/540] Building CXX object src/modules/removeuser/CMakeFiles/calamares_job_removeuser.dir/calamares_job_removeuser_autogen/mocs_compilation.cpp.o
[325/540] Automatic MOC for target calamares_viewmodule_summary
[326/540] Building CXX object src/modules/removeuser/CMakeFiles/calamares_job_removeuser.dir/RemoveUserJob.cpp.o
[327/540] Automatic MOC and UIC for target calamares_viewmodule_netinstall
[328/540] Building CXX object src/calamares/CMakeFiles/calamares_bin.dir/calamares_bin_autogen/EWIEGA46WW/qrc_calamares.cpp.o
[329/540] Automatic MOC and UIC for target calamares_viewmodule_partition
[330/540] Building CXX object src/calamares/CMakeFiles/calamares_bin.dir/VariantModel.cpp.o
[331/540] Building CXX object src/calamares/CMakeFiles/calamares_bin.dir/DebugWindow.cpp.o
[332/540] Building CXX object src/calamares/CMakeFiles/calamares_bin.dir/main.cpp.o
[333/540] Building CXX object src/calamares/CMakeFiles/calamares_bin.dir/calamares_bin_autogen/mocs_compilation.cpp.o
[334/540] Building CXX object src/calamares/CMakeFiles/calamares_bin.dir/progresstree/ProgressTreeView.cpp.o
[335/540] Building CXX object src/calamares/CMakeFiles/calamares_bin.dir/progresstree/ProgressTreeDelegate.cpp.o
[336/540] Building CXX object src/modules/finished/CMakeFiles/calamares_viewmodule_finished.dir/calamares_viewmodule_finished_autogen/mocs_compilation.cpp.o
[337/540] Building CXX object src/modules/finishedq/CMakeFiles/calamares_viewmodule_finishedq.dir/calamares_viewmodule_finishedq_autogen/EWIEGA46WW/qrc_finishedq-qt6.cpp.o
[338/540] Building CXX object src/calamares/CMakeFiles/calamares_bin.dir/CalamaresApplication.cpp.o
[339/540] Building CXX object src/calamares/CMakeFiles/calamares_bin.dir/CalamaresWindow.cpp.o
[340/540] Building CXX object src/modules/finished/CMakeFiles/calamares_viewmodule_finished.dir/Config.cpp.o
[341/540] Building CXX object src/modules/finished/CMakeFiles/calamares_viewmodule_finished.dir/FinishedViewStep.cpp.o
[342/540] Building CXX object src/modules/finishedq/CMakeFiles/calamares_viewmodule_finishedq.dir/__/finished/Config.cpp.o
[343/540] Building CXX object src/modules/finishedq/CMakeFiles/calamares_viewmodule_finishedq.dir/calamares_viewmodule_finishedq_autogen/mocs_compilation.cpp.o
[344/540] Building CXX object src/modules/finished/CMakeFiles/calamares_viewmodule_finished.dir/FinishedPage.cpp.o
[345/540] Building CXX object src/modules/keyboard/CMakeFiles/calamares_viewmodule_keyboard.dir/calamares_viewmodule_keyboard_autogen/EWIEGA46WW/qrc_keyboard.cpp.o
[346/540] Building CXX object src/modules/finishedq/CMakeFiles/calamares_viewmodule_finishedq.dir/FinishedQmlViewStep.cpp.o
[347/540] Building CXX object src/modules/keyboard/CMakeFiles/calamares_viewmodule_keyboard.dir/KeyboardViewStep.cpp.o
[348/540] Building CXX object src/modules/keyboard/CMakeFiles/calamares_viewmodule_keyboard.dir/calamares_viewmodule_keyboard_autogen/mocs_compilation.cpp.o
[349/540] Building CXX object src/modules/keyboard/CMakeFiles/calamares_viewmodule_keyboard.dir/KeyboardPage.cpp.o
[350/540] Building CXX object src/modules/keyboard/CMakeFiles/calamares_viewmodule_keyboard.dir/Config.cpp.o
[351/540] Building CXX object src/modules/keyboard/CMakeFiles/calamares_viewmodule_keyboard.dir/KeyboardLayoutModel.cpp.o
[352/540] Building CXX object src/modules/keyboardq/CMakeFiles/calamares_viewmodule_keyboardq.dir/calamares_viewmodule_keyboardq_autogen/EWIEGA46WW/qrc_keyboardq-qt6.cpp.o
[353/540] Building CXX object src/modules/keyboard/CMakeFiles/calamares_viewmodule_keyboard.dir/SetKeyboardLayoutJob.cpp.o
/home/qqqq/Proyectos/X64-Packages/x64-calamares/src/calamares-3.4.2/src/modules/keyboard/SetKeyboardLayoutJob.cpp: In member function ‘bool SetKeyboardLayoutJob::writeVConsoleData(const QString&, const QString&) const’:
/home/qqqq/Proyectos/X64-Packages/x64-calamares/src/calamares-3.4.2/src/modules/keyboard/SetKeyboardLayoutJob.cpp:214:18: warning: ignoring return value of ‘virtual bool QFile::open(QIODeviceBase::OpenMode)’, declared with attribute ‘nodiscard’ [-Wunused-result]
  214 |         file.open( QIODevice::ReadOnly | QIODevice::Text );
      |         ~~~~~~~~~^~~~~~~~~~~~~~~~~~~~~~~~~~~~~~~~~~~~~~~~~
In file included from /usr/include/qt6/QtCore/qdir.h:11,
                 from /usr/include/qt6/QtCore/QDir:1,
                 from /home/qqqq/Proyectos/X64-Packages/x64-calamares/src/calamares-3.4.2/src/modules/keyboard/SetKeyboardLayoutJob.cpp:26:
/usr/include/qt6/QtCore/qfile.h:264:32: note: se declara aquí
  264 |     QFILE_MAYBE_NODISCARD bool open(OpenMode flags) override;
      |                                ^~~~
[354/540] Building CXX object src/modules/keyboard/CMakeFiles/calamares_viewmodule_keyboard.dir/keyboardwidget/keyboardglobal.cpp.o
/home/qqqq/Proyectos/X64-Packages/x64-calamares/src/calamares-3.4.2/src/modules/keyboard/keyboardwidget/keyboardglobal.cpp: In function ‘KeyboardGlobal::ModelsMap parseKeyboardModels(const char*)’:
/home/qqqq/Proyectos/X64-Packages/x64-calamares/src/calamares-3.4.2/src/modules/keyboard/keyboardwidget/keyboardglobal.cpp:62:12: warning: ignoring return value of ‘virtual bool QFile::open(QIODeviceBase::OpenMode)’, declared with attribute ‘nodiscard’ [-Wunused-result]
   62 |     fh.open( QIODevice::ReadOnly );
      |     ~~~~~~~^~~~~~~~~~~~~~~~~~~~~~~
In file included from /usr/include/qt6/QtCore/QFile:1,
                 from /home/qqqq/Proyectos/X64-Packages/x64-calamares/src/calamares-3.4.2/src/modules/keyboard/keyboardwidget/keyboardglobal.cpp:23:
/usr/include/qt6/QtCore/qfile.h:264:32: note: se declara aquí
  264 |     QFILE_MAYBE_NODISCARD bool open(OpenMode flags) override;
      |                                ^~~~
/home/qqqq/Proyectos/X64-Packages/x64-calamares/src/calamares-3.4.2/src/modules/keyboard/keyboardwidget/keyboardglobal.cpp: In function ‘KeyboardGlobal::LayoutsMap parseKeyboardLayouts(const char*)’:
/home/qqqq/Proyectos/X64-Packages/x64-calamares/src/calamares-3.4.2/src/modules/keyboard/keyboardwidget/keyboardglobal.cpp:113:12: warning: ignoring return value of ‘virtual bool QFile::open(QIODeviceBase::OpenMode)’, declared with attribute ‘nodiscard’ [-Wunused-result]
  113 |     fh.open( QIODevice::ReadOnly );
      |     ~~~~~~~^~~~~~~~~~~~~~~~~~~~~~~
/usr/include/qt6/QtCore/qfile.h:264:32: note: se declara aquí
  264 |     QFILE_MAYBE_NODISCARD bool open(OpenMode flags) override;
      |                                ^~~~
/home/qqqq/Proyectos/X64-Packages/x64-calamares/src/calamares-3.4.2/src/modules/keyboard/keyboardwidget/keyboardglobal.cpp: In function ‘KeyboardGlobal::GroupsMap parseKeyboardGroupsSwitchers(const char*)’:
/home/qqqq/Proyectos/X64-Packages/x64-calamares/src/calamares-3.4.2/src/modules/keyboard/keyboardwidget/keyboardglobal.cpp:208:12: warning: ignoring return value of ‘virtual bool QFile::open(QIODeviceBase::OpenMode)’, declared with attribute ‘nodiscard’ [-Wunused-result]
  208 |     fh.open( QIODevice::ReadOnly );
      |     ~~~~~~~^~~~~~~~~~~~~~~~~~~~~~~
/usr/include/qt6/QtCore/qfile.h:264:32: note: se declara aquí
  264 |     QFILE_MAYBE_NODISCARD bool open(OpenMode flags) override;
      |                                ^~~~
[355/540] Building CXX object src/modules/keyboardq/CMakeFiles/calamares_viewmodule_keyboardq.dir/KeyboardQmlViewStep.cpp.o
[356/540] Building CXX object src/modules/keyboard/CMakeFiles/calamares_viewmodule_keyboard.dir/keyboardwidget/keyboardpreview.cpp.o
[357/540] Building CXX object src/modules/keyboardq/CMakeFiles/calamares_viewmodule_keyboardq.dir/calamares_viewmodule_keyboardq_autogen/mocs_compilation.cpp.o
[358/540] Building CXX object src/modules/keyboardq/CMakeFiles/calamares_viewmodule_keyboardq.dir/__/keyboard/SetKeyboardLayoutJob.cpp.o
/home/qqqq/Proyectos/X64-Packages/x64-calamares/src/calamares-3.4.2/src/modules/keyboard/SetKeyboardLayoutJob.cpp: In member function ‘bool SetKeyboardLayoutJob::writeVConsoleData(const QString&, const QString&) const’:
/home/qqqq/Proyectos/X64-Packages/x64-calamares/src/calamares-3.4.2/src/modules/keyboard/SetKeyboardLayoutJob.cpp:214:18: warning: ignoring return value of ‘virtual bool QFile::open(QIODeviceBase::OpenMode)’, declared with attribute ‘nodiscard’ [-Wunused-result]
  214 |         file.open( QIODevice::ReadOnly | QIODevice::Text );
      |         ~~~~~~~~~^~~~~~~~~~~~~~~~~~~~~~~~~~~~~~~~~~~~~~~~~
In file included from /usr/include/qt6/QtCore/qdir.h:11,
                 from /usr/include/qt6/QtCore/QDir:1,
                 from /home/qqqq/Proyectos/X64-Packages/x64-calamares/src/calamares-3.4.2/src/modules/keyboard/SetKeyboardLayoutJob.cpp:26:
/usr/include/qt6/QtCore/qfile.h:264:32: note: se declara aquí
  264 |     QFILE_MAYBE_NODISCARD bool open(OpenMode flags) override;
      |                                ^~~~
[359/540] Building CXX object src/modules/keyboardq/CMakeFiles/calamares_viewmodule_keyboardq.dir/__/keyboard/KeyboardLayoutModel.cpp.o
[360/540] Building CXX object src/modules/keyboardq/CMakeFiles/calamares_viewmodule_keyboardq.dir/__/keyboard/keyboardwidget/keyboardglobal.cpp.o
/home/qqqq/Proyectos/X64-Packages/x64-calamares/src/calamares-3.4.2/src/modules/keyboard/keyboardwidget/keyboardglobal.cpp: In function ‘KeyboardGlobal::ModelsMap parseKeyboardModels(const char*)’:
/home/qqqq/Proyectos/X64-Packages/x64-calamares/src/calamares-3.4.2/src/modules/keyboard/keyboardwidget/keyboardglobal.cpp:62:12: warning: ignoring return value of ‘virtual bool QFile::open(QIODeviceBase::OpenMode)’, declared with attribute ‘nodiscard’ [-Wunused-result]
   62 |     fh.open( QIODevice::ReadOnly );
      |     ~~~~~~~^~~~~~~~~~~~~~~~~~~~~~~
In file included from /usr/include/qt6/QtCore/QFile:1,
                 from /home/qqqq/Proyectos/X64-Packages/x64-calamares/src/calamares-3.4.2/src/modules/keyboard/keyboardwidget/keyboardglobal.cpp:23:
/usr/include/qt6/QtCore/qfile.h:264:32: note: se declara aquí
  264 |     QFILE_MAYBE_NODISCARD bool open(OpenMode flags) override;
      |                                ^~~~
/home/qqqq/Proyectos/X64-Packages/x64-calamares/src/calamares-3.4.2/src/modules/keyboard/keyboardwidget/keyboardglobal.cpp: In function ‘KeyboardGlobal::LayoutsMap parseKeyboardLayouts(const char*)’:
/home/qqqq/Proyectos/X64-Packages/x64-calamares/src/calamares-3.4.2/src/modules/keyboard/keyboardwidget/keyboardglobal.cpp:113:12: warning: ignoring return value of ‘virtual bool QFile::open(QIODeviceBase::OpenMode)’, declared with attribute ‘nodiscard’ [-Wunused-result]
  113 |     fh.open( QIODevice::ReadOnly );
      |     ~~~~~~~^~~~~~~~~~~~~~~~~~~~~~~
/usr/include/qt6/QtCore/qfile.h:264:32: note: se declara aquí
  264 |     QFILE_MAYBE_NODISCARD bool open(OpenMode flags) override;
      |                                ^~~~
/home/qqqq/Proyectos/X64-Packages/x64-calamares/src/calamares-3.4.2/src/modules/keyboard/keyboardwidget/keyboardglobal.cpp: In function ‘KeyboardGlobal::GroupsMap parseKeyboardGroupsSwitchers(const char*)’:
/home/qqqq/Proyectos/X64-Packages/x64-calamares/src/calamares-3.4.2/src/modules/keyboard/keyboardwidget/keyboardglobal.cpp:208:12: warning: ignoring return value of ‘virtual bool QFile::open(QIODeviceBase::OpenMode)’, declared with attribute ‘nodiscard’ [-Wunused-result]
  208 |     fh.open( QIODevice::ReadOnly );
      |     ~~~~~~~^~~~~~~~~~~~~~~~~~~~~~~
/usr/include/qt6/QtCore/qfile.h:264:32: note: se declara aquí
  264 |     QFILE_MAYBE_NODISCARD bool open(OpenMode flags) override;
      |                                ^~~~
[361/540] Building CXX object src/modules/keyboardq/CMakeFiles/calamares_viewmodule_keyboardq.dir/__/keyboard/Config.cpp.o
[362/540] Building CXX object src/modules/license/CMakeFiles/calamares_viewmodule_license.dir/calamares_viewmodule_license_autogen/mocs_compilation.cpp.o
[363/540] Building CXX object src/modules/license/CMakeFiles/calamares_viewmodule_license.dir/LicensePage.cpp.o
[364/540] Building CXX object src/modules/license/CMakeFiles/calamares_viewmodule_license.dir/LicenseViewStep.cpp.o
[365/540] Building CXX object src/modules/license/CMakeFiles/calamares_viewmodule_license.dir/LicenseWidget.cpp.o
[366/540] Building CXX object src/modules/locale/CMakeFiles/calamares_viewmodule_locale.dir/calamares_viewmodule_locale_autogen/mocs_compilation.cpp.o
[367/540] Building CXX object src/modules/locale/CMakeFiles/calamares_viewmodule_locale.dir/LocaleNames.cpp.o
[368/540] Building CXX object src/modules/locale/CMakeFiles/calamares_viewmodule_locale.dir/LCLocaleDialog.cpp.o
[369/540] Building CXX object src/modules/locale/CMakeFiles/calamares_viewmodule_locale.dir/calamares_viewmodule_locale_autogen/EWIEGA46WW/qrc_locale.cpp.o
[370/540] Building CXX object src/modules/locale/CMakeFiles/calamares_viewmodule_locale.dir/LocaleConfiguration.cpp.o
[371/540] Building CXX object src/modules/locale/CMakeFiles/calamares_viewmodule_locale.dir/Config.cpp.o
[372/540] Building CXX object src/modules/locale/CMakeFiles/calamares_viewmodule_locale.dir/LocalePage.cpp.o
[373/540] Building CXX object src/modules/locale/CMakeFiles/calamares_viewmodule_locale.dir/SetTimezoneJob.cpp.o
[374/540] Building CXX object src/modules/localeq/CMakeFiles/calamares_viewmodule_localeq.dir/calamares_viewmodule_localeq_autogen/EWIEGA46WW/qrc_localeq-qt6.cpp.o
[375/540] Building CXX object src/modules/locale/CMakeFiles/calamares_viewmodule_locale.dir/LocaleViewStep.cpp.o
[376/540] Building CXX object src/modules/locale/CMakeFiles/calamares_viewmodule_locale.dir/timezonewidget/timezonewidget.cpp.o
[377/540] Building CXX object src/modules/locale/CMakeFiles/calamares_viewmodule_locale.dir/timezonewidget/TimeZoneImage.cpp.o
[378/540] Building CXX object src/modules/localeq/CMakeFiles/calamares_viewmodule_localeq.dir/__/locale/LocaleNames.cpp.o
[379/540] Building CXX object src/modules/localeq/CMakeFiles/calamares_viewmodule_localeq.dir/__/locale/LocaleConfiguration.cpp.o
[380/540] Building CXX object src/modules/localeq/CMakeFiles/calamares_viewmodule_localeq.dir/LocaleQmlViewStep.cpp.o
[381/540] Building CXX object src/modules/localeq/CMakeFiles/calamares_viewmodule_localeq.dir/calamares_viewmodule_localeq_autogen/mocs_compilation.cpp.o
[382/540] Building CXX object src/modules/localeq/CMakeFiles/calamares_viewmodule_localeq.dir/__/locale/SetTimezoneJob.cpp.o
[383/540] Building CXX object src/modules/localeq/CMakeFiles/calamares_viewmodule_localeq.dir/__/locale/Config.cpp.o
[384/540] Building CXX object src/modules/netinstall/CMakeFiles/calamares_viewmodule_netinstall.dir/calamares_viewmodule_netinstall_autogen/mocs_compilation.cpp.o
[385/540] Building CXX object src/modules/notesqml/CMakeFiles/calamares_viewmodule_notesqml.dir/calamares_viewmodule_notesqml_autogen/EWIEGA46WW/qrc_notesqml.cpp.o
[386/540] Building CXX object src/modules/netinstall/CMakeFiles/calamares_viewmodule_netinstall.dir/Config.cpp.o
[387/540] Building CXX object src/modules/netinstall/CMakeFiles/calamares_viewmodule_netinstall.dir/groupstreeview.cpp.o
[388/540] Building CXX object src/modules/netinstall/CMakeFiles/calamares_viewmodule_netinstall.dir/NetInstallViewStep.cpp.o
[389/540] Building CXX object src/modules/netinstall/CMakeFiles/calamares_viewmodule_netinstall.dir/LoaderQueue.cpp.o
[390/540] Building CXX object src/modules/netinstall/CMakeFiles/calamares_viewmodule_netinstall.dir/PackageTreeItem.cpp.o
[391/540] Building CXX object src/modules/notesqml/CMakeFiles/calamares_viewmodule_notesqml.dir/calamares_viewmodule_notesqml_autogen/mocs_compilation.cpp.o
[392/540] Building CXX object src/modules/notesqml/CMakeFiles/calamares_viewmodule_notesqml.dir/NotesQmlViewStep.cpp.o
[393/540] Building CXX object src/modules/netinstall/CMakeFiles/calamares_viewmodule_netinstall.dir/PackageModel.cpp.o
[394/540] Building CXX object src/modules/oemid/CMakeFiles/calamares_viewmodule_oemid.dir/calamares_viewmodule_oemid_autogen/mocs_compilation.cpp.o
[395/540] Building CXX object src/modules/netinstall/CMakeFiles/calamares_viewmodule_netinstall.dir/NetInstallPage.cpp.o
[396/540] Building CXX object src/modules/oemid/CMakeFiles/calamares_viewmodule_oemid.dir/IDJob.cpp.o
[397/540] Building CXX object src/modules/oemid/CMakeFiles/calamares_viewmodule_oemid.dir/OEMViewStep.cpp.o
[398/540] Building CXX object src/modules/partition/CMakeFiles/calamares_viewmodule_partition.dir/Config.cpp.o
[399/540] Building CXX object src/modules/partition/CMakeFiles/calamares_viewmodule_partition.dir/core/DeviceList.cpp.o
[400/540] Building CXX object src/modules/partition/CMakeFiles/calamares_viewmodule_partition.dir/core/OsproberEntry.cpp.o
[401/540] Building CXX object src/modules/partition/CMakeFiles/calamares_viewmodule_partition.dir/core/ColorUtils.cpp.o
[402/540] Building CXX object src/modules/partition/CMakeFiles/calamares_viewmodule_partition.dir/core/BootLoaderModel.cpp.o
[403/540] Building CXX object src/modules/partition/CMakeFiles/calamares_viewmodule_partition.dir/core/KPMHelpers.cpp.o
[404/540] Building CXX object src/modules/partition/CMakeFiles/calamares_viewmodule_partition.dir/core/DeviceModel.cpp.o
[405/540] Building CXX object src/modules/partition/CMakeFiles/calamares_viewmodule_partition.dir/calamares_viewmodule_partition_autogen/mocs_compilation.cpp.o
[406/540] Building CXX object src/modules/partition/CMakeFiles/calamares_viewmodule_partition.dir/core/DirFSRestrictLayout.cpp.o
[407/540] Building CXX object src/modules/partition/CMakeFiles/calamares_viewmodule_partition.dir/core/PartitionActions.cpp.o
[408/540] Building CXX object src/modules/partition/CMakeFiles/calamares_viewmodule_partition.dir/core/PartitionInfo.cpp.o
[409/540] Building CXX object src/modules/partition/CMakeFiles/calamares_viewmodule_partition.dir/PartitionViewStep.cpp.o
[410/540] Building CXX object src/modules/partition/CMakeFiles/calamares_viewmodule_partition.dir/core/PartitionModel.cpp.o
[411/540] Building CXX object src/modules/partition/CMakeFiles/calamares_viewmodule_partition.dir/core/PartitionLayout.cpp.o
[412/540] Building CXX object src/modules/partition/CMakeFiles/calamares_viewmodule_partition.dir/gui/BootInfoWidget.cpp.o
[413/540] Building CXX object src/modules/partition/CMakeFiles/calamares_viewmodule_partition.dir/core/PartUtils.cpp.o
[414/540] Building CXX object src/modules/partition/CMakeFiles/calamares_viewmodule_partition.dir/gui/CreateVolumeGroupDialog.cpp.o
[415/540] Building CXX object src/modules/partition/CMakeFiles/calamares_viewmodule_partition.dir/core/PartitionCoreModule.cpp.o
[416/540] Building CXX object src/modules/partition/CMakeFiles/calamares_viewmodule_partition.dir/gui/CreatePartitionDialog.cpp.o
[417/540] Building CXX object src/modules/partition/CMakeFiles/calamares_viewmodule_partition.dir/gui/DeviceInfoWidget.cpp.o
[418/540] Building CXX object src/modules/partition/CMakeFiles/calamares_viewmodule_partition.dir/gui/EncryptWidget.cpp.o
[419/540] Building CXX object src/modules/partition/CMakeFiles/calamares_viewmodule_partition.dir/gui/ListPhysicalVolumeWidgetItem.cpp.o
[420/540] Building CXX object src/modules/partition/CMakeFiles/calamares_viewmodule_partition.dir/gui/ChoicePage.cpp.o
[421/540] Building CXX object src/modules/partition/CMakeFiles/calamares_viewmodule_partition.dir/gui/EditExistingPartitionDialog.cpp.o
[422/540] Building CXX object src/modules/partition/CMakeFiles/calamares_viewmodule_partition.dir/gui/PartitionBarsView.cpp.o
[423/540] Building CXX object src/modules/partition/CMakeFiles/calamares_viewmodule_partition.dir/gui/PartitionSizeController.cpp.o
[424/540] Building CXX object src/modules/partition/CMakeFiles/calamares_viewmodule_partition.dir/gui/PartitionDialogHelpers.cpp.o
[425/540] Building CXX object src/modules/partition/CMakeFiles/calamares_viewmodule_partition.dir/gui/PartitionPage.cpp.o
[426/540] Building CXX object src/modules/partition/CMakeFiles/calamares_viewmodule_partition.dir/gui/PartitionLabelsView.cpp.o
[427/540] Building CXX object src/modules/partition/CMakeFiles/calamares_viewmodule_partition.dir/jobs/AutoMountManagementJob.cpp.o
[428/540] Building CXX object src/modules/partition/CMakeFiles/calamares_viewmodule_partition.dir/gui/PartitionSplitterWidget.cpp.o
[429/540] Building CXX object src/modules/partition/CMakeFiles/calamares_viewmodule_partition.dir/gui/ResizeVolumeGroupDialog.cpp.o
[430/540] Building CXX object src/modules/partition/CMakeFiles/calamares_viewmodule_partition.dir/gui/VolumeGroupBaseDialog.cpp.o
[431/540] Building CXX object src/modules/partition/CMakeFiles/calamares_viewmodule_partition.dir/gui/ScanningDialog.cpp.o
[432/540] Building CXX object src/modules/partition/CMakeFiles/calamares_viewmodule_partition.dir/jobs/ChangeFilesystemLabelJob.cpp.o
[433/540] Building CXX object src/modules/partition/CMakeFiles/calamares_viewmodule_partition.dir/jobs/ClearTempMountsJob.cpp.o
[434/540] Building CXX object src/modules/partition/CMakeFiles/calamares_viewmodule_partition.dir/jobs/ClearMountsJob.cpp.o
[435/540] Building CXX object src/modules/partition/CMakeFiles/calamares_viewmodule_partition.dir/jobs/CreatePartitionJob.cpp.o
[436/540] Building CXX object src/modules/partition/CMakeFiles/calamares_viewmodule_partition.dir/jobs/CreateVolumeGroupJob.cpp.o
[437/540] Building CXX object src/modules/partition/CMakeFiles/calamares_viewmodule_partition.dir/jobs/DeactivateVolumeGroupJob.cpp.o
[438/540] Building CXX object src/modules/partition/CMakeFiles/calamares_viewmodule_partition.dir/jobs/CreatePartitionTableJob.cpp.o
[439/540] Building CXX object src/modules/partition/CMakeFiles/calamares_viewmodule_partition.dir/jobs/DeletePartitionJob.cpp.o
[440/540] Building CXX object src/modules/partition/CMakeFiles/calamares_viewmodule_partition.dir/jobs/PartitionJob.cpp.o
[441/540] Building CXX object src/modules/partition/CMakeFiles/calamares_viewmodule_partition.dir/jobs/FormatPartitionJob.cpp.o
[442/540] Building CXX object src/modules/partition/CMakeFiles/calamares_viewmodule_partition.dir/jobs/FillGlobalStorageJob.cpp.o
[443/540] Building CXX object src/modules/partition/CMakeFiles/calamares_viewmodule_partition.dir/jobs/ResizePartitionJob.cpp.o
[444/540] Building CXX object src/modules/plasmalnf/CMakeFiles/calamares_viewmodule_plasmalnf.dir/calamares_viewmodule_plasmalnf_autogen/EWIEGA46WW/qrc_page_plasmalnf.cpp.o
[445/540] Building CXX object src/modules/partition/CMakeFiles/calamares_viewmodule_partition.dir/jobs/RemoveVolumeGroupJob.cpp.o
[446/540] Building CXX object src/modules/partition/CMakeFiles/calamares_viewmodule_partition.dir/jobs/SetPartitionFlagsJob.cpp.o
[447/540] Building CXX object src/modules/partition/CMakeFiles/calamares_viewmodule_partition.dir/jobs/ResizeVolumeGroupJob.cpp.o
[448/540] Building CXX object src/modules/plasmalnf/CMakeFiles/calamares_viewmodule_plasmalnf.dir/PlasmaLnfViewStep.cpp.o
[449/540] Building CXX object src/modules/plasmalnf/CMakeFiles/calamares_viewmodule_plasmalnf.dir/calamares_viewmodule_plasmalnf_autogen/mocs_compilation.cpp.o
[450/540] Building CXX object src/modules/plasmalnf/CMakeFiles/calamares_viewmodule_plasmalnf.dir/Config.cpp.o
[451/540] Building CXX object src/modules/plasmalnf/CMakeFiles/calamares_viewmodule_plasmalnf.dir/PlasmaLnfJob.cpp.o
[452/540] Building CXX object src/modules/plasmalnf/CMakeFiles/calamares_viewmodule_plasmalnf.dir/PlasmaLnfPage.cpp.o
[453/540] Building CXX object src/modules/shellprocess/CMakeFiles/calamares_job_shellprocess.dir/ShellProcessJob.cpp.o
[454/540] Building CXX object src/modules/plasmalnf/CMakeFiles/calamares_viewmodule_plasmalnf.dir/ThemeInfo.cpp.o
[455/540] Building CXX object src/modules/shellprocess/CMakeFiles/calamares_job_shellprocess.dir/calamares_job_shellprocess_autogen/mocs_compilation.cpp.o
[456/540] Building CXX object src/modules/summaryq/CMakeFiles/calamares_viewmodule_summaryq.dir/calamares_viewmodule_summaryq_autogen/EWIEGA46WW/qrc_summaryq-qt6.cpp.o
[457/540] Building CXX object src/modules/summary/CMakeFiles/calamares_viewmodule_summary.dir/calamares_viewmodule_summary_autogen/mocs_compilation.cpp.o
[458/540] Building CXX object src/modules/summary/CMakeFiles/calamares_viewmodule_summary.dir/Config.cpp.o
[459/540] Building CXX object src/modules/summary/CMakeFiles/calamares_viewmodule_summary.dir/SummaryModel.cpp.o
[460/540] Building CXX object src/modules/summary/CMakeFiles/calamares_viewmodule_summary.dir/SummaryViewStep.cpp.o
[461/540] Building CXX object src/modules/summary/CMakeFiles/calamares_viewmodule_summary.dir/SummaryPage.cpp.o
[462/540] Building CXX object src/modules/tracking/CMakeFiles/calamares_viewmodule_tracking.dir/calamares_viewmodule_tracking_autogen/EWIEGA46WW/qrc_page_trackingstep.cpp.o
[463/540] Building CXX object src/modules/summaryq/CMakeFiles/calamares_viewmodule_summaryq.dir/calamares_viewmodule_summaryq_autogen/mocs_compilation.cpp.o
[464/540] Building CXX object src/modules/summaryq/CMakeFiles/calamares_viewmodule_summaryq.dir/SummaryQmlViewStep.cpp.o
[465/540] Building CXX object src/modules/summaryq/CMakeFiles/calamares_viewmodule_summaryq.dir/__/summary/Config.cpp.o
[466/540] Building CXX object src/modules/summaryq/CMakeFiles/calamares_viewmodule_summaryq.dir/__/summary/SummaryModel.cpp.o
[467/540] Building CXX object src/modules/tracking/CMakeFiles/calamares_viewmodule_tracking.dir/Config.cpp.o
[468/540] Building CXX object src/modules/tracking/CMakeFiles/calamares_viewmodule_tracking.dir/calamares_viewmodule_tracking_autogen/mocs_compilation.cpp.o
[469/540] Building CXX object src/modules/tracking/CMakeFiles/calamares_viewmodule_tracking.dir/TrackingJobs.cpp.o
[470/540] Building CXX object src/modules/tracking/CMakeFiles/calamares_viewmodule_tracking.dir/TrackingViewStep.cpp.o
[471/540] Building CXX object src/modules/umount/CMakeFiles/calamares_job_umount.dir/calamares_job_umount_autogen/mocs_compilation.cpp.o
[472/540] Building CXX object src/modules/tracking/CMakeFiles/calamares_viewmodule_tracking.dir/TrackingPage.cpp.o
[473/540] Building CXX object src/modules/umount/CMakeFiles/calamares_job_umount.dir/UmountJob.cpp.o
[474/540] Building CXX object src/modules/unpackfsc/CMakeFiles/calamares_job_unpackfsc.dir/calamares_job_unpackfsc_autogen/mocs_compilation.cpp.o
[475/540] Building CXX object src/modules/users/CMakeFiles/calamares_viewmodule_users.dir/calamares_viewmodule_users_autogen/EWIEGA46WW/qrc_users.cpp.o
[476/540] Building CXX object src/modules/unpackfsc/CMakeFiles/calamares_job_unpackfsc.dir/UnpackFSCJob.cpp.o
[477/540] Building CXX object src/modules/unpackfsc/CMakeFiles/calamares_job_unpackfsc.dir/Runners.cpp.o
[478/540] Building CXX object src/modules/usersq/CMakeFiles/calamares_viewmodule_usersq.dir/calamares_viewmodule_usersq_autogen/EWIEGA46WW/qrc_usersq-qt6.cpp.o
[479/540] Building CXX object src/modules/unpackfsc/CMakeFiles/calamares_job_unpackfsc.dir/ErofsRunner.cpp.o
[480/540] Building CXX object src/modules/unpackfsc/CMakeFiles/calamares_job_unpackfsc.dir/FSArchiverRunner.cpp.o
[481/540] Building CXX object src/modules/unpackfsc/CMakeFiles/calamares_job_unpackfsc.dir/TarballRunner.cpp.o
[482/540] Building CXX object src/modules/unpackfsc/CMakeFiles/calamares_job_unpackfsc.dir/UnsquashRunner.cpp.o
[483/540] Building CXX object src/modules/users/CMakeFiles/calamares_viewmodule_users.dir/UsersViewStep.cpp.o
[484/540] Building C object src/modules/welcome/CMakeFiles/calamares_viewmodule_welcome.dir/checker/partman_devices.c.o
[485/540] Building CXX object src/modules/users/CMakeFiles/calamares_viewmodule_users.dir/calamares_viewmodule_users_autogen/mocs_compilation.cpp.o
[486/540] Building CXX object src/modules/usersq/CMakeFiles/calamares_viewmodule_usersq.dir/UsersQmlViewStep.cpp.o
[487/540] Building CXX object src/modules/usersq/CMakeFiles/calamares_viewmodule_usersq.dir/calamares_viewmodule_usersq_autogen/mocs_compilation.cpp.o
[488/540] Building CXX object src/modules/welcome/CMakeFiles/calamares_viewmodule_welcome.dir/calamares_viewmodule_welcome_autogen/EWIEGA46WW/qrc_welcome.cpp.o
[489/540] Building CXX object src/modules/users/CMakeFiles/calamares_viewmodule_users.dir/UsersPage.cpp.o
[490/540] Building CXX object src/modules/welcome/CMakeFiles/calamares_viewmodule_welcome.dir/checker/CheckerContainer.cpp.o
[491/540] Building C object src/modules/welcomeq/CMakeFiles/calamares_viewmodule_welcomeq.dir/__/welcome/checker/partman_devices.c.o
[492/540] Building CXX object src/modules/welcome/CMakeFiles/calamares_viewmodule_welcome.dir/calamares_viewmodule_welcome_autogen/mocs_compilation.cpp.o
[493/540] Building CXX object src/modules/welcome/CMakeFiles/calamares_viewmodule_welcome.dir/checker/ResultDelegate.cpp.o
[494/540] Building CXX object src/modules/welcomeq/CMakeFiles/calamares_viewmodule_welcomeq.dir/calamares_viewmodule_welcomeq_autogen/EWIEGA46WW/qrc_welcomeq-qt6.cpp.o
[495/540] Building CXX object src/modules/welcome/CMakeFiles/calamares_viewmodule_welcome.dir/checker/GeneralRequirements.cpp.o
[496/540] Building CXX object src/modules/welcome/CMakeFiles/calamares_viewmodule_welcome.dir/checker/ResultsListWidget.cpp.o
[497/540] Building CXX object src/modules/welcome/CMakeFiles/calamares_viewmodule_welcome.dir/WelcomeViewStep.cpp.o
[498/540] Linking CXX executable test_geoip
[499/540] Building CXX object src/modules/welcome/CMakeFiles/calamares_viewmodule_welcome.dir/Config.cpp.o
[500/540] Linking CXX executable test_automount
[501/540] Building CXX object src/modules/welcome/CMakeFiles/calamares_viewmodule_welcome.dir/WelcomePage.cpp.o
[502/540] Linking CXX shared library src/modules/contextualprocess/libcalamares_job_contextualprocess.so
[503/540] Building CXX object src/modules/zfs/CMakeFiles/calamares_job_zfs.dir/calamares_job_zfs_autogen/mocs_compilation.cpp.o
[504/540] Building CXX object src/modules/welcomeq/CMakeFiles/calamares_viewmodule_welcomeq.dir/__/welcome/checker/GeneralRequirements.cpp.o
[505/540] Building CXX object src/modules/welcomeq/CMakeFiles/calamares_viewmodule_welcomeq.dir/calamares_viewmodule_welcomeq_autogen/mocs_compilation.cpp.o
[506/540] Linking CXX shared library src/modules/finishedq/libcalamares_viewmodule_finishedq.so
[507/540] Building CXX object src/modules/zfs/CMakeFiles/calamares_job_zfs.dir/ZfsJob.cpp.o
[508/540] Linking CXX shared library src/modules/finished/libcalamares_viewmodule_finished.so
[509/540] Building CXX object src/modules/welcomeq/CMakeFiles/calamares_viewmodule_welcomeq.dir/WelcomeQmlViewStep.cpp.o
[510/540] Linking CXX shared library src/modules/hostinfo/libcalamares_job_hostinfo.so
[511/540] Linking CXX shared library src/modules/fsresizer/libcalamares_job_fsresizer.so
[512/540] Linking CXX shared library src/modules/initcpio/libcalamares_job_initcpio.so
[513/540] Building CXX object src/modules/welcomeq/CMakeFiles/calamares_viewmodule_welcomeq.dir/__/welcome/Config.cpp.o
[514/540] Linking CXX shared library src/modules/luksopenswaphookcfg/libcalamares_job_luksopenswaphookcfg.so
[515/540] Linking CXX executable calamares
[516/540] Linking CXX shared library src/modules/luksbootkeyfile/libcalamares_job_luksbootkeyfile.so
[517/540] Linking CXX shared library src/modules/machineid/libcalamares_job_machineid.so
[518/540] Linking CXX shared library src/modules/notesqml/libcalamares_viewmodule_notesqml.so
[519/540] Linking CXX shared library src/modules/license/libcalamares_viewmodule_license.so
[520/540] Linking CXX shared library src/modules/oemid/libcalamares_viewmodule_oemid.so
[521/540] Linking CXX shared library src/modules/keyboard/libcalamares_viewmodule_keyboard.so
[522/540] Linking CXX shared library src/modules/locale/libcalamares_viewmodule_locale.so
[523/540] Linking CXX shared library src/modules/keyboardq/libcalamares_viewmodule_keyboardq.so
[524/540] Linking CXX shared library src/modules/removeuser/libcalamares_job_removeuser.so
[525/540] Linking CXX shared library src/modules/netinstall/libcalamares_viewmodule_netinstall.so
[526/540] Linking CXX shared library src/modules/localeq/libcalamares_viewmodule_localeq.so
[527/540] Linking CXX shared library src/modules/shellprocess/libcalamares_job_shellprocess.so
[528/540] Linking CXX shared library src/modules/preservefiles/libcalamares_job_preservefiles.so
[529/540] Linking CXX shared library src/modules/plasmalnf/libcalamares_viewmodule_plasmalnf.so
[530/540] Linking CXX shared library src/modules/umount/libcalamares_job_umount.so
[531/540] Linking CXX shared library src/modules/summaryq/libcalamares_viewmodule_summaryq.so
[532/540] Linking CXX shared library src/modules/summary/libcalamares_viewmodule_summary.so
[533/540] Linking CXX shared library src/modules/unpackfsc/libcalamares_job_unpackfsc.so
[534/540] Linking CXX shared library src/modules/users/libcalamares_viewmodule_users.so
[535/540] Linking CXX shared library src/modules/usersq/libcalamares_viewmodule_usersq.so
[536/540] Linking CXX shared library src/modules/tracking/libcalamares_viewmodule_tracking.so
[537/540] Linking CXX shared library src/modules/welcome/libcalamares_viewmodule_welcome.so
[538/540] Linking CXX shared library src/modules/partition/libcalamares_viewmodule_partition.so
[539/540] Linking CXX shared library src/modules/welcomeq/libcalamares_viewmodule_welcomeq.so
[540/540] Linking CXX shared library src/modules/zfs/libcalamares_job_zfs.so
==> Entrando en entorno fakeroot...
==> Iniciando package()...
-- Install configuration: "Release"
-- Installing: /home/qqqq/Proyectos/X64-Packages/x64-calamares/pkg/calamares/usr/share/locale/ar/LC_MESSAGES/calamares-python.mo
-- Installing: /home/qqqq/Proyectos/X64-Packages/x64-calamares/pkg/calamares/usr/share/locale/as/LC_MESSAGES/calamares-python.mo
-- Installing: /home/qqqq/Proyectos/X64-Packages/x64-calamares/pkg/calamares/usr/share/locale/ast/LC_MESSAGES/calamares-python.mo
-- Installing: /home/qqqq/Proyectos/X64-Packages/x64-calamares/pkg/calamares/usr/share/locale/az/LC_MESSAGES/calamares-python.mo
-- Installing: /home/qqqq/Proyectos/X64-Packages/x64-calamares/pkg/calamares/usr/share/locale/az_AZ/LC_MESSAGES/calamares-python.mo
-- Installing: /home/qqqq/Proyectos/X64-Packages/x64-calamares/pkg/calamares/usr/share/locale/be/LC_MESSAGES/calamares-python.mo
-- Installing: /home/qqqq/Proyectos/X64-Packages/x64-calamares/pkg/calamares/usr/share/locale/bg/LC_MESSAGES/calamares-python.mo
-- Installing: /home/qqqq/Proyectos/X64-Packages/x64-calamares/pkg/calamares/usr/share/locale/bn/LC_MESSAGES/calamares-python.mo
-- Installing: /home/qqqq/Proyectos/X64-Packages/x64-calamares/pkg/calamares/usr/share/locale/ca/LC_MESSAGES/calamares-python.mo
-- Installing: /home/qqqq/Proyectos/X64-Packages/x64-calamares/pkg/calamares/usr/share/locale/ca@valencia/LC_MESSAGES/calamares-python.mo
-- Installing: /home/qqqq/Proyectos/X64-Packages/x64-calamares/pkg/calamares/usr/share/locale/cs_CZ/LC_MESSAGES/calamares-python.mo
-- Installing: /home/qqqq/Proyectos/X64-Packages/x64-calamares/pkg/calamares/usr/share/locale/da/LC_MESSAGES/calamares-python.mo
-- Installing: /home/qqqq/Proyectos/X64-Packages/x64-calamares/pkg/calamares/usr/share/locale/de/LC_MESSAGES/calamares-python.mo
-- Installing: /home/qqqq/Proyectos/X64-Packages/x64-calamares/pkg/calamares/usr/share/locale/el/LC_MESSAGES/calamares-python.mo
-- Installing: /home/qqqq/Proyectos/X64-Packages/x64-calamares/pkg/calamares/usr/share/locale/en_GB/LC_MESSAGES/calamares-python.mo
-- Installing: /home/qqqq/Proyectos/X64-Packages/x64-calamares/pkg/calamares/usr/share/locale/eo/LC_MESSAGES/calamares-python.mo
-- Installing: /home/qqqq/Proyectos/X64-Packages/x64-calamares/pkg/calamares/usr/share/locale/es/LC_MESSAGES/calamares-python.mo
-- Installing: /home/qqqq/Proyectos/X64-Packages/x64-calamares/pkg/calamares/usr/share/locale/es_AR/LC_MESSAGES/calamares-python.mo
-- Installing: /home/qqqq/Proyectos/X64-Packages/x64-calamares/pkg/calamares/usr/share/locale/es_MX/LC_MESSAGES/calamares-python.mo
-- Installing: /home/qqqq/Proyectos/X64-Packages/x64-calamares/pkg/calamares/usr/share/locale/et/LC_MESSAGES/calamares-python.mo
-- Installing: /home/qqqq/Proyectos/X64-Packages/x64-calamares/pkg/calamares/usr/share/locale/eu/LC_MESSAGES/calamares-python.mo
-- Installing: /home/qqqq/Proyectos/X64-Packages/x64-calamares/pkg/calamares/usr/share/locale/fa/LC_MESSAGES/calamares-python.mo
-- Installing: /home/qqqq/Proyectos/X64-Packages/x64-calamares/pkg/calamares/usr/share/locale/fi_FI/LC_MESSAGES/calamares-python.mo
-- Installing: /home/qqqq/Proyectos/X64-Packages/x64-calamares/pkg/calamares/usr/share/locale/fr/LC_MESSAGES/calamares-python.mo
-- Installing: /home/qqqq/Proyectos/X64-Packages/x64-calamares/pkg/calamares/usr/share/locale/fur/LC_MESSAGES/calamares-python.mo
-- Installing: /home/qqqq/Proyectos/X64-Packages/x64-calamares/pkg/calamares/usr/share/locale/gl/LC_MESSAGES/calamares-python.mo
-- Installing: /home/qqqq/Proyectos/X64-Packages/x64-calamares/pkg/calamares/usr/share/locale/he/LC_MESSAGES/calamares-python.mo
-- Installing: /home/qqqq/Proyectos/X64-Packages/x64-calamares/pkg/calamares/usr/share/locale/hi/LC_MESSAGES/calamares-python.mo
-- Installing: /home/qqqq/Proyectos/X64-Packages/x64-calamares/pkg/calamares/usr/share/locale/hr/LC_MESSAGES/calamares-python.mo
-- Installing: /home/qqqq/Proyectos/X64-Packages/x64-calamares/pkg/calamares/usr/share/locale/hu/LC_MESSAGES/calamares-python.mo
-- Installing: /home/qqqq/Proyectos/X64-Packages/x64-calamares/pkg/calamares/usr/share/locale/ia/LC_MESSAGES/calamares-python.mo
-- Installing: /home/qqqq/Proyectos/X64-Packages/x64-calamares/pkg/calamares/usr/share/locale/id/LC_MESSAGES/calamares-python.mo
-- Installing: /home/qqqq/Proyectos/X64-Packages/x64-calamares/pkg/calamares/usr/share/locale/is/LC_MESSAGES/calamares-python.mo
-- Installing: /home/qqqq/Proyectos/X64-Packages/x64-calamares/pkg/calamares/usr/share/locale/it_IT/LC_MESSAGES/calamares-python.mo
-- Installing: /home/qqqq/Proyectos/X64-Packages/x64-calamares/pkg/calamares/usr/share/locale/ja/LC_MESSAGES/calamares-python.mo
-- Installing: /home/qqqq/Proyectos/X64-Packages/x64-calamares/pkg/calamares/usr/share/locale/ka/LC_MESSAGES/calamares-python.mo
-- Installing: /home/qqqq/Proyectos/X64-Packages/x64-calamares/pkg/calamares/usr/share/locale/kk/LC_MESSAGES/calamares-python.mo
-- Installing: /home/qqqq/Proyectos/X64-Packages/x64-calamares/pkg/calamares/usr/share/locale/ko/LC_MESSAGES/calamares-python.mo
-- Installing: /home/qqqq/Proyectos/X64-Packages/x64-calamares/pkg/calamares/usr/share/locale/lg/LC_MESSAGES/calamares-python.mo
-- Installing: /home/qqqq/Proyectos/X64-Packages/x64-calamares/pkg/calamares/usr/share/locale/lt/LC_MESSAGES/calamares-python.mo
-- Installing: /home/qqqq/Proyectos/X64-Packages/x64-calamares/pkg/calamares/usr/share/locale/ml/LC_MESSAGES/calamares-python.mo
-- Installing: /home/qqqq/Proyectos/X64-Packages/x64-calamares/pkg/calamares/usr/share/locale/mr/LC_MESSAGES/calamares-python.mo
-- Installing: /home/qqqq/Proyectos/X64-Packages/x64-calamares/pkg/calamares/usr/share/locale/nb/LC_MESSAGES/calamares-python.mo
-- Installing: /home/qqqq/Proyectos/X64-Packages/x64-calamares/pkg/calamares/usr/share/locale/nl/LC_MESSAGES/calamares-python.mo
-- Installing: /home/qqqq/Proyectos/X64-Packages/x64-calamares/pkg/calamares/usr/share/locale/oc/LC_MESSAGES/calamares-python.mo
-- Installing: /home/qqqq/Proyectos/X64-Packages/x64-calamares/pkg/calamares/usr/share/locale/pl/LC_MESSAGES/calamares-python.mo
-- Installing: /home/qqqq/Proyectos/X64-Packages/x64-calamares/pkg/calamares/usr/share/locale/pt_BR/LC_MESSAGES/calamares-python.mo
-- Installing: /home/qqqq/Proyectos/X64-Packages/x64-calamares/pkg/calamares/usr/share/locale/pt_PT/LC_MESSAGES/calamares-python.mo
-- Installing: /home/qqqq/Proyectos/X64-Packages/x64-calamares/pkg/calamares/usr/share/locale/ro/LC_MESSAGES/calamares-python.mo
-- Installing: /home/qqqq/Proyectos/X64-Packages/x64-calamares/pkg/calamares/usr/share/locale/ru/LC_MESSAGES/calamares-python.mo
-- Installing: /home/qqqq/Proyectos/X64-Packages/x64-calamares/pkg/calamares/usr/share/locale/si/LC_MESSAGES/calamares-python.mo
-- Installing: /home/qqqq/Proyectos/X64-Packages/x64-calamares/pkg/calamares/usr/share/locale/sk/LC_MESSAGES/calamares-python.mo
-- Installing: /home/qqqq/Proyectos/X64-Packages/x64-calamares/pkg/calamares/usr/share/locale/sl/LC_MESSAGES/calamares-python.mo
-- Installing: /home/qqqq/Proyectos/X64-Packages/x64-calamares/pkg/calamares/usr/share/locale/sq/LC_MESSAGES/calamares-python.mo
-- Installing: /home/qqqq/Proyectos/X64-Packages/x64-calamares/pkg/calamares/usr/share/locale/sr/LC_MESSAGES/calamares-python.mo
-- Installing: /home/qqqq/Proyectos/X64-Packages/x64-calamares/pkg/calamares/usr/share/locale/sr@latin/LC_MESSAGES/calamares-python.mo
-- Installing: /home/qqqq/Proyectos/X64-Packages/x64-calamares/pkg/calamares/usr/share/locale/sv/LC_MESSAGES/calamares-python.mo
-- Installing: /home/qqqq/Proyectos/X64-Packages/x64-calamares/pkg/calamares/usr/share/locale/tg/LC_MESSAGES/calamares-python.mo
-- Installing: /home/qqqq/Proyectos/X64-Packages/x64-calamares/pkg/calamares/usr/share/locale/th/LC_MESSAGES/calamares-python.mo
-- Installing: /home/qqqq/Proyectos/X64-Packages/x64-calamares/pkg/calamares/usr/share/locale/tr_TR/LC_MESSAGES/calamares-python.mo
-- Installing: /home/qqqq/Proyectos/X64-Packages/x64-calamares/pkg/calamares/usr/share/locale/uk/LC_MESSAGES/calamares-python.mo
-- Installing: /home/qqqq/Proyectos/X64-Packages/x64-calamares/pkg/calamares/usr/share/locale/uz/LC_MESSAGES/calamares-python.mo
-- Installing: /home/qqqq/Proyectos/X64-Packages/x64-calamares/pkg/calamares/usr/share/locale/vi/LC_MESSAGES/calamares-python.mo
-- Installing: /home/qqqq/Proyectos/X64-Packages/x64-calamares/pkg/calamares/usr/share/locale/zh_CN/LC_MESSAGES/calamares-python.mo
-- Installing: /home/qqqq/Proyectos/X64-Packages/x64-calamares/pkg/calamares/usr/share/locale/zh_TW/LC_MESSAGES/calamares-python.mo
-- Installing: /home/qqqq/Proyectos/X64-Packages/x64-calamares/pkg/calamares/usr/lib/libcalamares.so.3.4.2
-- Installing: /home/qqqq/Proyectos/X64-Packages/x64-calamares/pkg/calamares/usr/lib/libcalamares.so.3.4
-- Installing: /home/qqqq/Proyectos/X64-Packages/x64-calamares/pkg/calamares/usr/lib/libcalamares.so
-- Installing: /home/qqqq/Proyectos/X64-Packages/x64-calamares/pkg/calamares/usr/include/libcalamares/CalamaresConfig.h
-- Installing: /home/qqqq/Proyectos/X64-Packages/x64-calamares/pkg/calamares/usr/include/libcalamares/CalamaresVersion.h
-- Installing: /home/qqqq/Proyectos/X64-Packages/x64-calamares/pkg/calamares/usr/include/libcalamares/CalamaresAbout.h
-- Installing: /home/qqqq/Proyectos/X64-Packages/x64-calamares/pkg/calamares/usr/include/libcalamares/CppJob.h
-- Installing: /home/qqqq/Proyectos/X64-Packages/x64-calamares/pkg/calamares/usr/include/libcalamares/DllMacro.h
-- Installing: /home/qqqq/Proyectos/X64-Packages/x64-calamares/pkg/calamares/usr/include/libcalamares/GlobalStorage.h
-- Installing: /home/qqqq/Proyectos/X64-Packages/x64-calamares/pkg/calamares/usr/include/libcalamares/Job.h
-- Installing: /home/qqqq/Proyectos/X64-Packages/x64-calamares/pkg/calamares/usr/include/libcalamares/JobExample.h
-- Installing: /home/qqqq/Proyectos/X64-Packages/x64-calamares/pkg/calamares/usr/include/libcalamares/JobQueue.h
-- Installing: /home/qqqq/Proyectos/X64-Packages/x64-calamares/pkg/calamares/usr/include/libcalamares/ProcessJob.h
-- Installing: /home/qqqq/Proyectos/X64-Packages/x64-calamares/pkg/calamares/usr/include/libcalamares/Settings.h
-- Installing: /home/qqqq/Proyectos/X64-Packages/x64-calamares/pkg/calamares/usr/include/libcalamares/geoip/GeoIPFixed.h
-- Installing: /home/qqqq/Proyectos/X64-Packages/x64-calamares/pkg/calamares/usr/include/libcalamares/geoip/GeoIPJSON.h
-- Installing: /home/qqqq/Proyectos/X64-Packages/x64-calamares/pkg/calamares/usr/include/libcalamares/geoip/GeoIPTests.h
-- Installing: /home/qqqq/Proyectos/X64-Packages/x64-calamares/pkg/calamares/usr/include/libcalamares/geoip/GeoIPXML.h
-- Installing: /home/qqqq/Proyectos/X64-Packages/x64-calamares/pkg/calamares/usr/include/libcalamares/geoip/Handler.h
-- Installing: /home/qqqq/Proyectos/X64-Packages/x64-calamares/pkg/calamares/usr/include/libcalamares/geoip/Interface.h
-- Installing: /home/qqqq/Proyectos/X64-Packages/x64-calamares/pkg/calamares/usr/include/libcalamares/locale/Global.h
-- Installing: /home/qqqq/Proyectos/X64-Packages/x64-calamares/pkg/calamares/usr/include/libcalamares/locale/Lookup.h
-- Installing: /home/qqqq/Proyectos/X64-Packages/x64-calamares/pkg/calamares/usr/include/libcalamares/locale/TimeZone.h
-- Installing: /home/qqqq/Proyectos/X64-Packages/x64-calamares/pkg/calamares/usr/include/libcalamares/locale/TranslatableConfiguration.h
-- Installing: /home/qqqq/Proyectos/X64-Packages/x64-calamares/pkg/calamares/usr/include/libcalamares/locale/TranslatableString.h
-- Installing: /home/qqqq/Proyectos/X64-Packages/x64-calamares/pkg/calamares/usr/include/libcalamares/locale/Translation.h
-- Installing: /home/qqqq/Proyectos/X64-Packages/x64-calamares/pkg/calamares/usr/include/libcalamares/locale/TranslationsModel.h
-- Installing: /home/qqqq/Proyectos/X64-Packages/x64-calamares/pkg/calamares/usr/include/libcalamares/modulesystem/Actions.h
-- Installing: /home/qqqq/Proyectos/X64-Packages/x64-calamares/pkg/calamares/usr/include/libcalamares/modulesystem/Config.h
-- Installing: /home/qqqq/Proyectos/X64-Packages/x64-calamares/pkg/calamares/usr/include/libcalamares/modulesystem/Descriptor.h
-- Installing: /home/qqqq/Proyectos/X64-Packages/x64-calamares/pkg/calamares/usr/include/libcalamares/modulesystem/InstanceKey.h
-- Installing: /home/qqqq/Proyectos/X64-Packages/x64-calamares/pkg/calamares/usr/include/libcalamares/modulesystem/Module.h
-- Installing: /home/qqqq/Proyectos/X64-Packages/x64-calamares/pkg/calamares/usr/include/libcalamares/modulesystem/Preset.h
-- Installing: /home/qqqq/Proyectos/X64-Packages/x64-calamares/pkg/calamares/usr/include/libcalamares/modulesystem/Requirement.h
-- Installing: /home/qqqq/Proyectos/X64-Packages/x64-calamares/pkg/calamares/usr/include/libcalamares/modulesystem/RequirementsChecker.h
-- Installing: /home/qqqq/Proyectos/X64-Packages/x64-calamares/pkg/calamares/usr/include/libcalamares/modulesystem/RequirementsModel.h
-- Installing: /home/qqqq/Proyectos/X64-Packages/x64-calamares/pkg/calamares/usr/include/libcalamares/network/Manager.h
-- Installing: /home/qqqq/Proyectos/X64-Packages/x64-calamares/pkg/calamares/usr/include/libcalamares/network/Tests.h
-- Installing: /home/qqqq/Proyectos/X64-Packages/x64-calamares/pkg/calamares/usr/include/libcalamares/partition/AutoMount.h
-- Installing: /home/qqqq/Proyectos/X64-Packages/x64-calamares/pkg/calamares/usr/include/libcalamares/partition/FileSystem.h
-- Installing: /home/qqqq/Proyectos/X64-Packages/x64-calamares/pkg/calamares/usr/include/libcalamares/partition/Global.h
-- Installing: /home/qqqq/Proyectos/X64-Packages/x64-calamares/pkg/calamares/usr/include/libcalamares/partition/KPMHelper.h
-- Installing: /home/qqqq/Proyectos/X64-Packages/x64-calamares/pkg/calamares/usr/include/libcalamares/partition/KPMManager.h
-- Installing: /home/qqqq/Proyectos/X64-Packages/x64-calamares/pkg/calamares/usr/include/libcalamares/partition/Mount.h
-- Installing: /home/qqqq/Proyectos/X64-Packages/x64-calamares/pkg/calamares/usr/include/libcalamares/partition/PartitionIterator.h
-- Installing: /home/qqqq/Proyectos/X64-Packages/x64-calamares/pkg/calamares/usr/include/libcalamares/partition/PartitionQuery.h
-- Installing: /home/qqqq/Proyectos/X64-Packages/x64-calamares/pkg/calamares/usr/include/libcalamares/partition/PartitionSize.h
-- Installing: /home/qqqq/Proyectos/X64-Packages/x64-calamares/pkg/calamares/usr/include/libcalamares/partition/Sync.h
-- Installing: /home/qqqq/Proyectos/X64-Packages/x64-calamares/pkg/calamares/usr/include/libcalamares/utils/CommandList.h
-- Installing: /home/qqqq/Proyectos/X64-Packages/x64-calamares/pkg/calamares/usr/include/libcalamares/utils/Dirs.h
-- Installing: /home/qqqq/Proyectos/X64-Packages/x64-calamares/pkg/calamares/usr/include/libcalamares/utils/Entropy.h
-- Installing: /home/qqqq/Proyectos/X64-Packages/x64-calamares/pkg/calamares/usr/include/libcalamares/utils/Logger.h
-- Installing: /home/qqqq/Proyectos/X64-Packages/x64-calamares/pkg/calamares/usr/include/libcalamares/utils/NamedEnum.h
-- Installing: /home/qqqq/Proyectos/X64-Packages/x64-calamares/pkg/calamares/usr/include/libcalamares/utils/NamedSuffix.h
-- Installing: /home/qqqq/Proyectos/X64-Packages/x64-calamares/pkg/calamares/usr/include/libcalamares/utils/Permissions.h
-- Installing: /home/qqqq/Proyectos/X64-Packages/x64-calamares/pkg/calamares/usr/include/libcalamares/utils/PluginFactory.h
-- Installing: /home/qqqq/Proyectos/X64-Packages/x64-calamares/pkg/calamares/usr/include/libcalamares/utils/RAII.h
-- Installing: /home/qqqq/Proyectos/X64-Packages/x64-calamares/pkg/calamares/usr/include/libcalamares/utils/Retranslator.h
-- Installing: /home/qqqq/Proyectos/X64-Packages/x64-calamares/pkg/calamares/usr/include/libcalamares/utils/Runner.h
-- Installing: /home/qqqq/Proyectos/X64-Packages/x64-calamares/pkg/calamares/usr/include/libcalamares/utils/String.h
-- Installing: /home/qqqq/Proyectos/X64-Packages/x64-calamares/pkg/calamares/usr/include/libcalamares/utils/StringExpander.h
-- Installing: /home/qqqq/Proyectos/X64-Packages/x64-calamares/pkg/calamares/usr/include/libcalamares/utils/System.h
-- Installing: /home/qqqq/Proyectos/X64-Packages/x64-calamares/pkg/calamares/usr/include/libcalamares/utils/Traits.h
-- Installing: /home/qqqq/Proyectos/X64-Packages/x64-calamares/pkg/calamares/usr/include/libcalamares/utils/UMask.h
-- Installing: /home/qqqq/Proyectos/X64-Packages/x64-calamares/pkg/calamares/usr/include/libcalamares/utils/Units.h
-- Installing: /home/qqqq/Proyectos/X64-Packages/x64-calamares/pkg/calamares/usr/include/libcalamares/utils/Variant.h
-- Installing: /home/qqqq/Proyectos/X64-Packages/x64-calamares/pkg/calamares/usr/include/libcalamares/utils/Yaml.h
-- Installing: /home/qqqq/Proyectos/X64-Packages/x64-calamares/pkg/calamares/usr/include/libcalamares/utils/moc-warnings.h
-- Installing: /home/qqqq/Proyectos/X64-Packages/x64-calamares/pkg/calamares/usr/include/libcalamares/compat/CheckBox.h
-- Installing: /home/qqqq/Proyectos/X64-Packages/x64-calamares/pkg/calamares/usr/include/libcalamares/compat/Mutex.h
-- Installing: /home/qqqq/Proyectos/X64-Packages/x64-calamares/pkg/calamares/usr/include/libcalamares/compat/Size.h
-- Installing: /home/qqqq/Proyectos/X64-Packages/x64-calamares/pkg/calamares/usr/include/libcalamares/compat/Variant.h
-- Installing: /home/qqqq/Proyectos/X64-Packages/x64-calamares/pkg/calamares/usr/include/libcalamares/compat/Xml.h
-- Installing: /home/qqqq/Proyectos/X64-Packages/x64-calamares/pkg/calamares/usr/include/libcalamares/packages/Globals.h
-- Installing: /home/qqqq/Proyectos/X64-Packages/x64-calamares/pkg/calamares/usr/lib/libcalamaresui.so.3.4.2
-- Installing: /home/qqqq/Proyectos/X64-Packages/x64-calamares/pkg/calamares/usr/lib/libcalamaresui.so.3.4
-- Set non-toolchain portion of runtime path of "/home/qqqq/Proyectos/X64-Packages/x64-calamares/pkg/calamares/usr/lib/libcalamaresui.so.3.4.2" to ""
-- Installing: /home/qqqq/Proyectos/X64-Packages/x64-calamares/pkg/calamares/usr/lib/libcalamaresui.so
-- Installing: /home/qqqq/Proyectos/X64-Packages/x64-calamares/pkg/calamares/usr/include/libcalamares/Branding.h
-- Installing: /home/qqqq/Proyectos/X64-Packages/x64-calamares/pkg/calamares/usr/include/libcalamares/ViewManager.h
-- Installing: /home/qqqq/Proyectos/X64-Packages/x64-calamares/pkg/calamares/usr/include/libcalamares/modulesystem/CppJobModule.h
-- Installing: /home/qqqq/Proyectos/X64-Packages/x64-calamares/pkg/calamares/usr/include/libcalamares/modulesystem/ModuleFactory.h
-- Installing: /home/qqqq/Proyectos/X64-Packages/x64-calamares/pkg/calamares/usr/include/libcalamares/modulesystem/ModuleManager.h
-- Installing: /home/qqqq/Proyectos/X64-Packages/x64-calamares/pkg/calamares/usr/include/libcalamares/modulesystem/ProcessJobModule.h
-- Installing: /home/qqqq/Proyectos/X64-Packages/x64-calamares/pkg/calamares/usr/include/libcalamares/modulesystem/PythonJobModule.h
-- Installing: /home/qqqq/Proyectos/X64-Packages/x64-calamares/pkg/calamares/usr/include/libcalamares/modulesystem/ViewModule.h
-- Installing: /home/qqqq/Proyectos/X64-Packages/x64-calamares/pkg/calamares/usr/include/libcalamares/utils/Gui.h
-- Installing: /home/qqqq/Proyectos/X64-Packages/x64-calamares/pkg/calamares/usr/include/libcalamares/utils/ImageRegistry.h
-- Installing: /home/qqqq/Proyectos/X64-Packages/x64-calamares/pkg/calamares/usr/include/libcalamares/utils/Paste.h
-- Installing: /home/qqqq/Proyectos/X64-Packages/x64-calamares/pkg/calamares/usr/include/libcalamares/utils/Qml.h
-- Installing: /home/qqqq/Proyectos/X64-Packages/x64-calamares/pkg/calamares/usr/include/libcalamares/utils/QtCompat.h
-- Installing: /home/qqqq/Proyectos/X64-Packages/x64-calamares/pkg/calamares/usr/include/libcalamares/viewpages/BlankViewStep.h
-- Installing: /home/qqqq/Proyectos/X64-Packages/x64-calamares/pkg/calamares/usr/include/libcalamares/viewpages/ExecutionViewStep.h
-- Installing: /home/qqqq/Proyectos/X64-Packages/x64-calamares/pkg/calamares/usr/include/libcalamares/viewpages/QmlViewStep.h
-- Installing: /home/qqqq/Proyectos/X64-Packages/x64-calamares/pkg/calamares/usr/include/libcalamares/viewpages/Slideshow.h
-- Installing: /home/qqqq/Proyectos/X64-Packages/x64-calamares/pkg/calamares/usr/include/libcalamares/viewpages/ViewStep.h
-- Installing: /home/qqqq/Proyectos/X64-Packages/x64-calamares/pkg/calamares/usr/include/libcalamares/widgets/ClickableLabel.h
-- Installing: /home/qqqq/Proyectos/X64-Packages/x64-calamares/pkg/calamares/usr/include/libcalamares/widgets/ErrorDialog.h
-- Installing: /home/qqqq/Proyectos/X64-Packages/x64-calamares/pkg/calamares/usr/include/libcalamares/widgets/FixedAspectRatioLabel.h
-- Installing: /home/qqqq/Proyectos/X64-Packages/x64-calamares/pkg/calamares/usr/include/libcalamares/widgets/LogWidget.h
-- Installing: /home/qqqq/Proyectos/X64-Packages/x64-calamares/pkg/calamares/usr/include/libcalamares/widgets/PrettyRadioButton.h
-- Installing: /home/qqqq/Proyectos/X64-Packages/x64-calamares/pkg/calamares/usr/include/libcalamares/widgets/TranslationFix.h
-- Installing: /home/qqqq/Proyectos/X64-Packages/x64-calamares/pkg/calamares/usr/include/libcalamares/widgets/WaitingWidget.h
-- Installing: /home/qqqq/Proyectos/X64-Packages/x64-calamares/pkg/calamares/usr/include/libcalamares/widgets/waitingspinnerwidget.h
-- Installing: /home/qqqq/Proyectos/X64-Packages/x64-calamares/pkg/calamares/usr/share/calamares/qml/calamares/slideshow/BackButton.qml
-- Installing: /home/qqqq/Proyectos/X64-Packages/x64-calamares/pkg/calamares/usr/share/calamares/qml/calamares/slideshow/ForwardButton.qml
-- Installing: /home/qqqq/Proyectos/X64-Packages/x64-calamares/pkg/calamares/usr/share/calamares/qml/calamares/slideshow/NavButton.qml
-- Installing: /home/qqqq/Proyectos/X64-Packages/x64-calamares/pkg/calamares/usr/share/calamares/qml/calamares/slideshow/Presentation.qml
-- Installing: /home/qqqq/Proyectos/X64-Packages/x64-calamares/pkg/calamares/usr/share/calamares/qml/calamares/slideshow/Slide.qml
-- Installing: /home/qqqq/Proyectos/X64-Packages/x64-calamares/pkg/calamares/usr/share/calamares/qml/calamares/slideshow/SlideCounter.qml
-- Installing: /home/qqqq/Proyectos/X64-Packages/x64-calamares/pkg/calamares/usr/share/calamares/qml/calamares/slideshow/qmldir
-- Installing: /home/qqqq/Proyectos/X64-Packages/x64-calamares/pkg/calamares/usr/share/calamares/qml/calamares/slideshow/qmldir.license
-- Installing: /home/qqqq/Proyectos/X64-Packages/x64-calamares/pkg/calamares/usr/bin/calamares
-- Set non-toolchain portion of runtime path of "/home/qqqq/Proyectos/X64-Packages/x64-calamares/pkg/calamares/usr/bin/calamares" to ""
-- Installing: /home/qqqq/Proyectos/X64-Packages/x64-calamares/pkg/calamares/usr/share/icons/hicolor/scalable/apps/calamares.svg
-- Installing: /home/qqqq/Proyectos/X64-Packages/x64-calamares/pkg/calamares/usr/lib/calamares/modules/bootloader/bootloader.schema.yaml
-- Installing: /home/qqqq/Proyectos/X64-Packages/x64-calamares/pkg/calamares/usr/lib/calamares/modules/bootloader/main.py
-- Installing: /home/qqqq/Proyectos/X64-Packages/x64-calamares/pkg/calamares/usr/lib/calamares/modules/bootloader/module.desc
-- Installing: /home/qqqq/Proyectos/X64-Packages/x64-calamares/pkg/calamares/usr/lib/calamares/modules/bootloader/test.yaml
-- Installing: /home/qqqq/Proyectos/X64-Packages/x64-calamares/pkg/calamares/usr/share/calamares/modules/bootloader.conf
-- Installing: /home/qqqq/Proyectos/X64-Packages/x64-calamares/pkg/calamares/usr/lib/calamares/modules/contextualprocess/libcalamares_job_contextualprocess.so
-- Set non-toolchain portion of runtime path of "/home/qqqq/Proyectos/X64-Packages/x64-calamares/pkg/calamares/usr/lib/calamares/modules/contextualprocess/libcalamares_job_contextualprocess.so" to ""
-- Installing: /home/qqqq/Proyectos/X64-Packages/x64-calamares/pkg/calamares/usr/lib/calamares/modules/contextualprocess/module.desc
-- Installing: /home/qqqq/Proyectos/X64-Packages/x64-calamares/pkg/calamares/usr/share/calamares/modules/contextualprocess.conf
-- Installing: /home/qqqq/Proyectos/X64-Packages/x64-calamares/pkg/calamares/usr/lib/calamares/modules/displaymanager/displaymanager.schema.yaml
-- Installing: /home/qqqq/Proyectos/X64-Packages/x64-calamares/pkg/calamares/usr/lib/calamares/modules/displaymanager/main.py
-- Installing: /home/qqqq/Proyectos/X64-Packages/x64-calamares/pkg/calamares/usr/lib/calamares/modules/displaymanager/module.desc
-- Installing: /home/qqqq/Proyectos/X64-Packages/x64-calamares/pkg/calamares/usr/share/calamares/modules/displaymanager.conf
-- Installing: /home/qqqq/Proyectos/X64-Packages/x64-calamares/pkg/calamares/usr/lib/calamares/modules/finished/libcalamares_viewmodule_finished.so
-- Set non-toolchain portion of runtime path of "/home/qqqq/Proyectos/X64-Packages/x64-calamares/pkg/calamares/usr/lib/calamares/modules/finished/libcalamares_viewmodule_finished.so" to ""
-- Installing: /home/qqqq/Proyectos/X64-Packages/x64-calamares/pkg/calamares/usr/lib/calamares/modules/finished/module.desc
-- Installing: /home/qqqq/Proyectos/X64-Packages/x64-calamares/pkg/calamares/usr/share/calamares/modules/finished.conf
-- Installing: /home/qqqq/Proyectos/X64-Packages/x64-calamares/pkg/calamares/usr/lib/calamares/modules/finishedq/libcalamares_viewmodule_finishedq.so
-- Set non-toolchain portion of runtime path of "/home/qqqq/Proyectos/X64-Packages/x64-calamares/pkg/calamares/usr/lib/calamares/modules/finishedq/libcalamares_viewmodule_finishedq.so" to ""
-- Installing: /home/qqqq/Proyectos/X64-Packages/x64-calamares/pkg/calamares/usr/lib/calamares/modules/finishedq/module.desc
-- Installing: /home/qqqq/Proyectos/X64-Packages/x64-calamares/pkg/calamares/usr/share/calamares/modules/finishedq.conf
-- Installing: /home/qqqq/Proyectos/X64-Packages/x64-calamares/pkg/calamares/usr/lib/calamares/modules/fsresizer/libcalamares_job_fsresizer.so
-- Set non-toolchain portion of runtime path of "/home/qqqq/Proyectos/X64-Packages/x64-calamares/pkg/calamares/usr/lib/calamares/modules/fsresizer/libcalamares_job_fsresizer.so" to ""
-- Installing: /home/qqqq/Proyectos/X64-Packages/x64-calamares/pkg/calamares/usr/lib/calamares/modules/fsresizer/module.desc
-- Installing: /home/qqqq/Proyectos/X64-Packages/x64-calamares/pkg/calamares/usr/share/calamares/modules/fsresizer.conf
-- Installing: /home/qqqq/Proyectos/X64-Packages/x64-calamares/pkg/calamares/usr/lib/calamares/modules/fstab/fstab.schema.yaml
-- Installing: /home/qqqq/Proyectos/X64-Packages/x64-calamares/pkg/calamares/usr/lib/calamares/modules/fstab/main.py
-- Installing: /home/qqqq/Proyectos/X64-Packages/x64-calamares/pkg/calamares/usr/lib/calamares/modules/fstab/module.desc
-- Installing: /home/qqqq/Proyectos/X64-Packages/x64-calamares/pkg/calamares/usr/lib/calamares/modules/fstab/test.yaml
-- Installing: /home/qqqq/Proyectos/X64-Packages/x64-calamares/pkg/calamares/usr/lib/calamares/modules/fstab/test2.yaml
-- Installing: /home/qqqq/Proyectos/X64-Packages/x64-calamares/pkg/calamares/usr/share/calamares/modules/fstab.conf
-- Installing: /home/qqqq/Proyectos/X64-Packages/x64-calamares/pkg/calamares/usr/lib/calamares/modules/grubcfg/grubcfg.schema.yaml
-- Installing: /home/qqqq/Proyectos/X64-Packages/x64-calamares/pkg/calamares/usr/lib/calamares/modules/grubcfg/main.py
-- Installing: /home/qqqq/Proyectos/X64-Packages/x64-calamares/pkg/calamares/usr/lib/calamares/modules/grubcfg/module.desc
-- Installing: /home/qqqq/Proyectos/X64-Packages/x64-calamares/pkg/calamares/usr/share/calamares/modules/grubcfg.conf
-- Installing: /home/qqqq/Proyectos/X64-Packages/x64-calamares/pkg/calamares/usr/lib/calamares/modules/hostinfo/libcalamares_job_hostinfo.so
-- Set non-toolchain portion of runtime path of "/home/qqqq/Proyectos/X64-Packages/x64-calamares/pkg/calamares/usr/lib/calamares/modules/hostinfo/libcalamares_job_hostinfo.so" to ""
-- Installing: /home/qqqq/Proyectos/X64-Packages/x64-calamares/pkg/calamares/usr/lib/calamares/modules/hostinfo/module.desc
-- Installing: /home/qqqq/Proyectos/X64-Packages/x64-calamares/pkg/calamares/usr/lib/calamares/modules/hwclock/main.py
-- Installing: /home/qqqq/Proyectos/X64-Packages/x64-calamares/pkg/calamares/usr/lib/calamares/modules/hwclock/module.desc
-- Installing: /home/qqqq/Proyectos/X64-Packages/x64-calamares/pkg/calamares/usr/lib/calamares/modules/initcpio/libcalamares_job_initcpio.so
-- Set non-toolchain portion of runtime path of "/home/qqqq/Proyectos/X64-Packages/x64-calamares/pkg/calamares/usr/lib/calamares/modules/initcpio/libcalamares_job_initcpio.so" to ""
-- Installing: /home/qqqq/Proyectos/X64-Packages/x64-calamares/pkg/calamares/usr/lib/calamares/modules/initcpio/module.desc
-- Installing: /home/qqqq/Proyectos/X64-Packages/x64-calamares/pkg/calamares/usr/share/calamares/modules/initcpio.conf
-- Installing: /home/qqqq/Proyectos/X64-Packages/x64-calamares/pkg/calamares/usr/lib/calamares/modules/initcpiocfg/initcpiocfg.schema.yaml
-- Installing: /home/qqqq/Proyectos/X64-Packages/x64-calamares/pkg/calamares/usr/lib/calamares/modules/initcpiocfg/main.py
-- Installing: /home/qqqq/Proyectos/X64-Packages/x64-calamares/pkg/calamares/usr/lib/calamares/modules/initcpiocfg/module.desc
-- Installing: /home/qqqq/Proyectos/X64-Packages/x64-calamares/pkg/calamares/usr/lib/calamares/modules/initcpiocfg/test.yaml
-- Installing: /home/qqqq/Proyectos/X64-Packages/x64-calamares/pkg/calamares/usr/share/calamares/modules/initcpiocfg.conf
-- Installing: /home/qqqq/Proyectos/X64-Packages/x64-calamares/pkg/calamares/usr/lib/calamares/modules/keyboard/libcalamares_viewmodule_keyboard.so
-- Set non-toolchain portion of runtime path of "/home/qqqq/Proyectos/X64-Packages/x64-calamares/pkg/calamares/usr/lib/calamares/modules/keyboard/libcalamares_viewmodule_keyboard.so" to ""
-- Installing: /home/qqqq/Proyectos/X64-Packages/x64-calamares/pkg/calamares/usr/lib/calamares/modules/keyboard/module.desc
-- Installing: /home/qqqq/Proyectos/X64-Packages/x64-calamares/pkg/calamares/usr/share/calamares/modules/keyboard.conf
-- Installing: /home/qqqq/Proyectos/X64-Packages/x64-calamares/pkg/calamares/usr/lib/calamares/modules/keyboardq/libcalamares_viewmodule_keyboardq.so
-- Set non-toolchain portion of runtime path of "/home/qqqq/Proyectos/X64-Packages/x64-calamares/pkg/calamares/usr/lib/calamares/modules/keyboardq/libcalamares_viewmodule_keyboardq.so" to ""
-- Installing: /home/qqqq/Proyectos/X64-Packages/x64-calamares/pkg/calamares/usr/lib/calamares/modules/keyboardq/module.desc
-- Installing: /home/qqqq/Proyectos/X64-Packages/x64-calamares/pkg/calamares/usr/share/calamares/modules/keyboardq.conf
-- Installing: /home/qqqq/Proyectos/X64-Packages/x64-calamares/pkg/calamares/usr/lib/calamares/modules/license/libcalamares_viewmodule_license.so
-- Set non-toolchain portion of runtime path of "/home/qqqq/Proyectos/X64-Packages/x64-calamares/pkg/calamares/usr/lib/calamares/modules/license/libcalamares_viewmodule_license.so" to ""
-- Installing: /home/qqqq/Proyectos/X64-Packages/x64-calamares/pkg/calamares/usr/lib/calamares/modules/license/module.desc
-- Installing: /home/qqqq/Proyectos/X64-Packages/x64-calamares/pkg/calamares/usr/share/calamares/modules/license.conf
-- Installing: /home/qqqq/Proyectos/X64-Packages/x64-calamares/pkg/calamares/usr/lib/calamares/modules/locale/libcalamares_viewmodule_locale.so
-- Set non-toolchain portion of runtime path of "/home/qqqq/Proyectos/X64-Packages/x64-calamares/pkg/calamares/usr/lib/calamares/modules/locale/libcalamares_viewmodule_locale.so" to ""
-- Installing: /home/qqqq/Proyectos/X64-Packages/x64-calamares/pkg/calamares/usr/lib/calamares/modules/locale/module.desc
-- Installing: /home/qqqq/Proyectos/X64-Packages/x64-calamares/pkg/calamares/usr/share/calamares/modules/locale.conf
-- Installing: /home/qqqq/Proyectos/X64-Packages/x64-calamares/pkg/calamares/usr/lib/calamares/modules/localecfg/main.py
-- Installing: /home/qqqq/Proyectos/X64-Packages/x64-calamares/pkg/calamares/usr/lib/calamares/modules/localecfg/module.desc
-- Installing: /home/qqqq/Proyectos/X64-Packages/x64-calamares/pkg/calamares/usr/lib/calamares/modules/localeq/libcalamares_viewmodule_localeq.so
-- Set non-toolchain portion of runtime path of "/home/qqqq/Proyectos/X64-Packages/x64-calamares/pkg/calamares/usr/lib/calamares/modules/localeq/libcalamares_viewmodule_localeq.so" to ""
-- Installing: /home/qqqq/Proyectos/X64-Packages/x64-calamares/pkg/calamares/usr/lib/calamares/modules/localeq/module.desc
-- Installing: /home/qqqq/Proyectos/X64-Packages/x64-calamares/pkg/calamares/usr/share/calamares/modules/localeq.conf
-- Installing: /home/qqqq/Proyectos/X64-Packages/x64-calamares/pkg/calamares/usr/lib/calamares/modules/luksbootkeyfile/libcalamares_job_luksbootkeyfile.so
-- Set non-toolchain portion of runtime path of "/home/qqqq/Proyectos/X64-Packages/x64-calamares/pkg/calamares/usr/lib/calamares/modules/luksbootkeyfile/libcalamares_job_luksbootkeyfile.so" to ""
-- Installing: /home/qqqq/Proyectos/X64-Packages/x64-calamares/pkg/calamares/usr/lib/calamares/modules/luksbootkeyfile/module.desc
-- Installing: /home/qqqq/Proyectos/X64-Packages/x64-calamares/pkg/calamares/usr/share/calamares/modules/luksbootkeyfile.conf
-- Installing: /home/qqqq/Proyectos/X64-Packages/x64-calamares/pkg/calamares/usr/lib/calamares/modules/luksopenswaphookcfg/libcalamares_job_luksopenswaphookcfg.so
-- Set non-toolchain portion of runtime path of "/home/qqqq/Proyectos/X64-Packages/x64-calamares/pkg/calamares/usr/lib/calamares/modules/luksopenswaphookcfg/libcalamares_job_luksopenswaphookcfg.so" to ""
-- Installing: /home/qqqq/Proyectos/X64-Packages/x64-calamares/pkg/calamares/usr/lib/calamares/modules/luksopenswaphookcfg/module.desc
-- Installing: /home/qqqq/Proyectos/X64-Packages/x64-calamares/pkg/calamares/usr/share/calamares/modules/luksopenswaphookcfg.conf
-- Installing: /home/qqqq/Proyectos/X64-Packages/x64-calamares/pkg/calamares/usr/lib/calamares/modules/machineid/libcalamares_job_machineid.so
-- Set non-toolchain portion of runtime path of "/home/qqqq/Proyectos/X64-Packages/x64-calamares/pkg/calamares/usr/lib/calamares/modules/machineid/libcalamares_job_machineid.so" to ""
-- Installing: /home/qqqq/Proyectos/X64-Packages/x64-calamares/pkg/calamares/usr/lib/calamares/modules/machineid/module.desc
-- Installing: /home/qqqq/Proyectos/X64-Packages/x64-calamares/pkg/calamares/usr/share/calamares/modules/machineid.conf
-- Installing: /home/qqqq/Proyectos/X64-Packages/x64-calamares/pkg/calamares/usr/lib/calamares/modules/mkinitfs/main.py
-- Installing: /home/qqqq/Proyectos/X64-Packages/x64-calamares/pkg/calamares/usr/lib/calamares/modules/mkinitfs/module.desc
-- Installing: /home/qqqq/Proyectos/X64-Packages/x64-calamares/pkg/calamares/usr/lib/calamares/modules/mount/main.py
-- Installing: /home/qqqq/Proyectos/X64-Packages/x64-calamares/pkg/calamares/usr/lib/calamares/modules/mount/module.desc
-- Installing: /home/qqqq/Proyectos/X64-Packages/x64-calamares/pkg/calamares/usr/lib/calamares/modules/mount/mount.schema.yaml
-- Installing: /home/qqqq/Proyectos/X64-Packages/x64-calamares/pkg/calamares/usr/share/calamares/modules/mount.conf
-- Installing: /home/qqqq/Proyectos/X64-Packages/x64-calamares/pkg/calamares/usr/lib/calamares/modules/netinstall/libcalamares_viewmodule_netinstall.so
-- Set non-toolchain portion of runtime path of "/home/qqqq/Proyectos/X64-Packages/x64-calamares/pkg/calamares/usr/lib/calamares/modules/netinstall/libcalamares_viewmodule_netinstall.so" to ""
-- Installing: /home/qqqq/Proyectos/X64-Packages/x64-calamares/pkg/calamares/usr/lib/calamares/modules/netinstall/module.desc
-- Installing: /home/qqqq/Proyectos/X64-Packages/x64-calamares/pkg/calamares/usr/share/calamares/modules/netinstall.conf
-- Installing: /home/qqqq/Proyectos/X64-Packages/x64-calamares/pkg/calamares/usr/lib/calamares/modules/networkcfg/main.py
-- Installing: /home/qqqq/Proyectos/X64-Packages/x64-calamares/pkg/calamares/usr/lib/calamares/modules/networkcfg/module.desc
-- Installing: /home/qqqq/Proyectos/X64-Packages/x64-calamares/pkg/calamares/usr/lib/calamares/modules/notesqml/libcalamares_viewmodule_notesqml.so
-- Set non-toolchain portion of runtime path of "/home/qqqq/Proyectos/X64-Packages/x64-calamares/pkg/calamares/usr/lib/calamares/modules/notesqml/libcalamares_viewmodule_notesqml.so" to ""
-- Installing: /home/qqqq/Proyectos/X64-Packages/x64-calamares/pkg/calamares/usr/lib/calamares/modules/notesqml/module.desc
-- Installing: /home/qqqq/Proyectos/X64-Packages/x64-calamares/pkg/calamares/usr/share/calamares/modules/notesqml.conf
-- Installing: /home/qqqq/Proyectos/X64-Packages/x64-calamares/pkg/calamares/usr/lib/calamares/modules/oemid/libcalamares_viewmodule_oemid.so
-- Set non-toolchain portion of runtime path of "/home/qqqq/Proyectos/X64-Packages/x64-calamares/pkg/calamares/usr/lib/calamares/modules/oemid/libcalamares_viewmodule_oemid.so" to ""
-- Installing: /home/qqqq/Proyectos/X64-Packages/x64-calamares/pkg/calamares/usr/lib/calamares/modules/oemid/module.desc
-- Installing: /home/qqqq/Proyectos/X64-Packages/x64-calamares/pkg/calamares/usr/share/calamares/modules/oemid.conf
-- Installing: /home/qqqq/Proyectos/X64-Packages/x64-calamares/pkg/calamares/usr/lib/calamares/modules/openrcdmcryptcfg/main.py
-- Installing: /home/qqqq/Proyectos/X64-Packages/x64-calamares/pkg/calamares/usr/lib/calamares/modules/openrcdmcryptcfg/module.desc
-- Installing: /home/qqqq/Proyectos/X64-Packages/x64-calamares/pkg/calamares/usr/share/calamares/modules/openrcdmcryptcfg.conf
-- Installing: /home/qqqq/Proyectos/X64-Packages/x64-calamares/pkg/calamares/usr/lib/calamares/modules/packages/main.py
-- Installing: /home/qqqq/Proyectos/X64-Packages/x64-calamares/pkg/calamares/usr/lib/calamares/modules/packages/module.desc
-- Installing: /home/qqqq/Proyectos/X64-Packages/x64-calamares/pkg/calamares/usr/lib/calamares/modules/packages/packages.schema.yaml
-- Installing: /home/qqqq/Proyectos/X64-Packages/x64-calamares/pkg/calamares/usr/share/calamares/modules/packages.conf
-- Installing: /home/qqqq/Proyectos/X64-Packages/x64-calamares/pkg/calamares/usr/lib/calamares/modules/partition/libcalamares_viewmodule_partition.so
-- Set non-toolchain portion of runtime path of "/home/qqqq/Proyectos/X64-Packages/x64-calamares/pkg/calamares/usr/lib/calamares/modules/partition/libcalamares_viewmodule_partition.so" to ""
-- Installing: /home/qqqq/Proyectos/X64-Packages/x64-calamares/pkg/calamares/usr/lib/calamares/modules/partition/module.desc
-- Installing: /home/qqqq/Proyectos/X64-Packages/x64-calamares/pkg/calamares/usr/share/calamares/modules/partition.conf
-- Installing: /home/qqqq/Proyectos/X64-Packages/x64-calamares/pkg/calamares/usr/lib/calamares/modules/plasmalnf/libcalamares_viewmodule_plasmalnf.so
-- Set non-toolchain portion of runtime path of "/home/qqqq/Proyectos/X64-Packages/x64-calamares/pkg/calamares/usr/lib/calamares/modules/plasmalnf/libcalamares_viewmodule_plasmalnf.so" to ""
-- Installing: /home/qqqq/Proyectos/X64-Packages/x64-calamares/pkg/calamares/usr/lib/calamares/modules/plasmalnf/module.desc
-- Installing: /home/qqqq/Proyectos/X64-Packages/x64-calamares/pkg/calamares/usr/share/calamares/modules/plasmalnf.conf
-- Installing: /home/qqqq/Proyectos/X64-Packages/x64-calamares/pkg/calamares/usr/lib/calamares/modules/plymouthcfg/main.py
-- Installing: /home/qqqq/Proyectos/X64-Packages/x64-calamares/pkg/calamares/usr/lib/calamares/modules/plymouthcfg/module.desc
-- Installing: /home/qqqq/Proyectos/X64-Packages/x64-calamares/pkg/calamares/usr/lib/calamares/modules/plymouthcfg/plymouthcfg.schema.yaml
-- Installing: /home/qqqq/Proyectos/X64-Packages/x64-calamares/pkg/calamares/usr/share/calamares/modules/plymouthcfg.conf
-- Installing: /home/qqqq/Proyectos/X64-Packages/x64-calamares/pkg/calamares/usr/lib/calamares/modules/preservefiles/libcalamares_job_preservefiles.so
-- Set non-toolchain portion of runtime path of "/home/qqqq/Proyectos/X64-Packages/x64-calamares/pkg/calamares/usr/lib/calamares/modules/preservefiles/libcalamares_job_preservefiles.so" to ""
-- Installing: /home/qqqq/Proyectos/X64-Packages/x64-calamares/pkg/calamares/usr/lib/calamares/modules/preservefiles/module.desc
-- Installing: /home/qqqq/Proyectos/X64-Packages/x64-calamares/pkg/calamares/usr/share/calamares/modules/preservefiles.conf
-- Installing: /home/qqqq/Proyectos/X64-Packages/x64-calamares/pkg/calamares/usr/lib/calamares/modules/rawfs/main.py
-- Installing: /home/qqqq/Proyectos/X64-Packages/x64-calamares/pkg/calamares/usr/lib/calamares/modules/rawfs/module.desc
-- Installing: /home/qqqq/Proyectos/X64-Packages/x64-calamares/pkg/calamares/usr/share/calamares/modules/rawfs.conf
-- Installing: /home/qqqq/Proyectos/X64-Packages/x64-calamares/pkg/calamares/usr/lib/calamares/modules/removeuser/libcalamares_job_removeuser.so
-- Set non-toolchain portion of runtime path of "/home/qqqq/Proyectos/X64-Packages/x64-calamares/pkg/calamares/usr/lib/calamares/modules/removeuser/libcalamares_job_removeuser.so" to ""
-- Installing: /home/qqqq/Proyectos/X64-Packages/x64-calamares/pkg/calamares/usr/lib/calamares/modules/removeuser/module.desc
-- Installing: /home/qqqq/Proyectos/X64-Packages/x64-calamares/pkg/calamares/usr/share/calamares/modules/removeuser.conf
-- Installing: /home/qqqq/Proyectos/X64-Packages/x64-calamares/pkg/calamares/usr/lib/calamares/modules/services-systemd/main.py
-- Installing: /home/qqqq/Proyectos/X64-Packages/x64-calamares/pkg/calamares/usr/lib/calamares/modules/services-systemd/module.desc
-- Installing: /home/qqqq/Proyectos/X64-Packages/x64-calamares/pkg/calamares/usr/lib/calamares/modules/services-systemd/services-systemd.schema.yaml
-- Installing: /home/qqqq/Proyectos/X64-Packages/x64-calamares/pkg/calamares/usr/share/calamares/modules/services-systemd.conf
-- Installing: /home/qqqq/Proyectos/X64-Packages/x64-calamares/pkg/calamares/usr/lib/calamares/modules/shellprocess/libcalamares_job_shellprocess.so
-- Set non-toolchain portion of runtime path of "/home/qqqq/Proyectos/X64-Packages/x64-calamares/pkg/calamares/usr/lib/calamares/modules/shellprocess/libcalamares_job_shellprocess.so" to ""
-- Installing: /home/qqqq/Proyectos/X64-Packages/x64-calamares/pkg/calamares/usr/lib/calamares/modules/shellprocess/module.desc
-- Installing: /home/qqqq/Proyectos/X64-Packages/x64-calamares/pkg/calamares/usr/share/calamares/modules/shellprocess.conf
-- Installing: /home/qqqq/Proyectos/X64-Packages/x64-calamares/pkg/calamares/usr/lib/calamares/modules/summary/libcalamares_viewmodule_summary.so
-- Set non-toolchain portion of runtime path of "/home/qqqq/Proyectos/X64-Packages/x64-calamares/pkg/calamares/usr/lib/calamares/modules/summary/libcalamares_viewmodule_summary.so" to ""
-- Installing: /home/qqqq/Proyectos/X64-Packages/x64-calamares/pkg/calamares/usr/lib/calamares/modules/summary/module.desc
-- Installing: /home/qqqq/Proyectos/X64-Packages/x64-calamares/pkg/calamares/usr/lib/calamares/modules/summaryq/libcalamares_viewmodule_summaryq.so
-- Set non-toolchain portion of runtime path of "/home/qqqq/Proyectos/X64-Packages/x64-calamares/pkg/calamares/usr/lib/calamares/modules/summaryq/libcalamares_viewmodule_summaryq.so" to ""
-- Installing: /home/qqqq/Proyectos/X64-Packages/x64-calamares/pkg/calamares/usr/lib/calamares/modules/summaryq/module.desc
-- Installing: /home/qqqq/Proyectos/X64-Packages/x64-calamares/pkg/calamares/usr/lib/calamares/modules/tracking/libcalamares_viewmodule_tracking.so
-- Set non-toolchain portion of runtime path of "/home/qqqq/Proyectos/X64-Packages/x64-calamares/pkg/calamares/usr/lib/calamares/modules/tracking/libcalamares_viewmodule_tracking.so" to ""
-- Installing: /home/qqqq/Proyectos/X64-Packages/x64-calamares/pkg/calamares/usr/lib/calamares/modules/tracking/module.desc
-- Installing: /home/qqqq/Proyectos/X64-Packages/x64-calamares/pkg/calamares/usr/share/calamares/modules/tracking.conf
-- Installing: /home/qqqq/Proyectos/X64-Packages/x64-calamares/pkg/calamares/usr/lib/calamares/modules/umount/libcalamares_job_umount.so
-- Set non-toolchain portion of runtime path of "/home/qqqq/Proyectos/X64-Packages/x64-calamares/pkg/calamares/usr/lib/calamares/modules/umount/libcalamares_job_umount.so" to ""
-- Installing: /home/qqqq/Proyectos/X64-Packages/x64-calamares/pkg/calamares/usr/lib/calamares/modules/umount/module.desc
-- Installing: /home/qqqq/Proyectos/X64-Packages/x64-calamares/pkg/calamares/usr/share/calamares/modules/umount.conf
-- Installing: /home/qqqq/Proyectos/X64-Packages/x64-calamares/pkg/calamares/usr/lib/calamares/modules/unpackfs/main.py
-- Installing: /home/qqqq/Proyectos/X64-Packages/x64-calamares/pkg/calamares/usr/lib/calamares/modules/unpackfs/module.desc
-- Installing: /home/qqqq/Proyectos/X64-Packages/x64-calamares/pkg/calamares/usr/lib/calamares/modules/unpackfs/runtests.sh
-- Installing: /home/qqqq/Proyectos/X64-Packages/x64-calamares/pkg/calamares/usr/lib/calamares/modules/unpackfs/unpackfs.schema.yaml
-- Installing: /home/qqqq/Proyectos/X64-Packages/x64-calamares/pkg/calamares/usr/share/calamares/modules/unpackfs.conf
-- Installing: /home/qqqq/Proyectos/X64-Packages/x64-calamares/pkg/calamares/usr/lib/calamares/modules/unpackfsc/libcalamares_job_unpackfsc.so
-- Set non-toolchain portion of runtime path of "/home/qqqq/Proyectos/X64-Packages/x64-calamares/pkg/calamares/usr/lib/calamares/modules/unpackfsc/libcalamares_job_unpackfsc.so" to ""
-- Installing: /home/qqqq/Proyectos/X64-Packages/x64-calamares/pkg/calamares/usr/lib/calamares/modules/unpackfsc/module.desc
-- Installing: /home/qqqq/Proyectos/X64-Packages/x64-calamares/pkg/calamares/usr/share/calamares/modules/unpackfsc.conf
-- Installing: /home/qqqq/Proyectos/X64-Packages/x64-calamares/pkg/calamares/usr/lib/calamares/modules/users/libcalamares_viewmodule_users.so
-- Set non-toolchain portion of runtime path of "/home/qqqq/Proyectos/X64-Packages/x64-calamares/pkg/calamares/usr/lib/calamares/modules/users/libcalamares_viewmodule_users.so" to ""
-- Installing: /home/qqqq/Proyectos/X64-Packages/x64-calamares/pkg/calamares/usr/lib/calamares/modules/users/module.desc
-- Installing: /home/qqqq/Proyectos/X64-Packages/x64-calamares/pkg/calamares/usr/share/calamares/modules/users.conf
-- Installing: /home/qqqq/Proyectos/X64-Packages/x64-calamares/pkg/calamares/usr/lib/calamares/modules/usersq/libcalamares_viewmodule_usersq.so
-- Set non-toolchain portion of runtime path of "/home/qqqq/Proyectos/X64-Packages/x64-calamares/pkg/calamares/usr/lib/calamares/modules/usersq/libcalamares_viewmodule_usersq.so" to ""
-- Installing: /home/qqqq/Proyectos/X64-Packages/x64-calamares/pkg/calamares/usr/lib/calamares/modules/usersq/module.desc
-- Installing: /home/qqqq/Proyectos/X64-Packages/x64-calamares/pkg/calamares/usr/share/calamares/modules/usersq.conf
-- Installing: /home/qqqq/Proyectos/X64-Packages/x64-calamares/pkg/calamares/usr/lib/calamares/modules/welcome/libcalamares_viewmodule_welcome.so
-- Set non-toolchain portion of runtime path of "/home/qqqq/Proyectos/X64-Packages/x64-calamares/pkg/calamares/usr/lib/calamares/modules/welcome/libcalamares_viewmodule_welcome.so" to ""
-- Installing: /home/qqqq/Proyectos/X64-Packages/x64-calamares/pkg/calamares/usr/lib/calamares/modules/welcome/module.desc
-- Installing: /home/qqqq/Proyectos/X64-Packages/x64-calamares/pkg/calamares/usr/share/calamares/modules/welcome.conf
-- Installing: /home/qqqq/Proyectos/X64-Packages/x64-calamares/pkg/calamares/usr/lib/calamares/modules/welcomeq/libcalamares_viewmodule_welcomeq.so
-- Set non-toolchain portion of runtime path of "/home/qqqq/Proyectos/X64-Packages/x64-calamares/pkg/calamares/usr/lib/calamares/modules/welcomeq/libcalamares_viewmodule_welcomeq.so" to ""
-- Installing: /home/qqqq/Proyectos/X64-Packages/x64-calamares/pkg/calamares/usr/lib/calamares/modules/welcomeq/module.desc
-- Installing: /home/qqqq/Proyectos/X64-Packages/x64-calamares/pkg/calamares/usr/share/calamares/modules/welcomeq.conf
-- Installing: /home/qqqq/Proyectos/X64-Packages/x64-calamares/pkg/calamares/usr/lib/calamares/modules/zfs/libcalamares_job_zfs.so
-- Set non-toolchain portion of runtime path of "/home/qqqq/Proyectos/X64-Packages/x64-calamares/pkg/calamares/usr/lib/calamares/modules/zfs/libcalamares_job_zfs.so" to ""
-- Installing: /home/qqqq/Proyectos/X64-Packages/x64-calamares/pkg/calamares/usr/lib/calamares/modules/zfs/module.desc
-- Installing: /home/qqqq/Proyectos/X64-Packages/x64-calamares/pkg/calamares/usr/share/calamares/modules/zfs.conf
-- Installing: /home/qqqq/Proyectos/X64-Packages/x64-calamares/pkg/calamares/usr/lib/calamares/modules/zfshostid/main.py
-- Installing: /home/qqqq/Proyectos/X64-Packages/x64-calamares/pkg/calamares/usr/lib/calamares/modules/zfshostid/module.desc
-- Installing: /home/qqqq/Proyectos/X64-Packages/x64-calamares/pkg/calamares/usr/lib/calamares/modules/zfshostid/zfshostid.schema.yaml
-- Installing: /home/qqqq/Proyectos/X64-Packages/x64-calamares/pkg/calamares/usr/share/calamares/branding/default/banner.png
-- Installing: /home/qqqq/Proyectos/X64-Packages/x64-calamares/pkg/calamares/usr/share/calamares/branding/default/banner.png.license
-- Installing: /home/qqqq/Proyectos/X64-Packages/x64-calamares/pkg/calamares/usr/share/calamares/branding/default/branding.desc
-- Installing: /home/qqqq/Proyectos/X64-Packages/x64-calamares/pkg/calamares/usr/share/calamares/branding/default/languages.png
-- Installing: /home/qqqq/Proyectos/X64-Packages/x64-calamares/pkg/calamares/usr/share/calamares/branding/default/languages.png.license
-- Installing: /home/qqqq/Proyectos/X64-Packages/x64-calamares/pkg/calamares/usr/share/calamares/branding/default/show.qml
-- Installing: /home/qqqq/Proyectos/X64-Packages/x64-calamares/pkg/calamares/usr/share/calamares/branding/default/squid.png
-- Installing: /home/qqqq/Proyectos/X64-Packages/x64-calamares/pkg/calamares/usr/share/calamares/branding/default/squid.png.license
-- Installing: /home/qqqq/Proyectos/X64-Packages/x64-calamares/pkg/calamares/usr/share/calamares/branding/default/stylesheet.qss
-- Installing: /home/qqqq/Proyectos/X64-Packages/x64-calamares/pkg/calamares/usr/share/calamares/branding/default/lang/calamares-default_ar.qm
-- Installing: /home/qqqq/Proyectos/X64-Packages/x64-calamares/pkg/calamares/usr/share/calamares/branding/default/lang/calamares-default_en.qm
-- Installing: /home/qqqq/Proyectos/X64-Packages/x64-calamares/pkg/calamares/usr/share/calamares/branding/default/lang/calamares-default_eo.qm
-- Installing: /home/qqqq/Proyectos/X64-Packages/x64-calamares/pkg/calamares/usr/share/calamares/branding/default/lang/calamares-default_fr.qm
-- Installing: /home/qqqq/Proyectos/X64-Packages/x64-calamares/pkg/calamares/usr/share/calamares/branding/default/lang/calamares-default_nl.qm
-- Installing: /home/qqqq/Proyectos/X64-Packages/x64-calamares/pkg/calamares/usr/lib/cmake/Calamares/CalamaresTargets.cmake
-- Installing: /home/qqqq/Proyectos/X64-Packages/x64-calamares/pkg/calamares/usr/lib/cmake/Calamares/CalamaresTargets-release.cmake
-- Installing: /home/qqqq/Proyectos/X64-Packages/x64-calamares/pkg/calamares/usr/lib/cmake/Calamares/CalamaresConfig.cmake
-- Installing: /home/qqqq/Proyectos/X64-Packages/x64-calamares/pkg/calamares/usr/lib/cmake/Calamares/CalamaresConfigVersion.cmake
-- Installing: /home/qqqq/Proyectos/X64-Packages/x64-calamares/pkg/calamares/usr/lib/cmake/Calamares/CalamaresAddBrandingSubdirectory.cmake
-- Installing: /home/qqqq/Proyectos/X64-Packages/x64-calamares/pkg/calamares/usr/lib/cmake/Calamares/CalamaresAddLibrary.cmake
-- Installing: /home/qqqq/Proyectos/X64-Packages/x64-calamares/pkg/calamares/usr/lib/cmake/Calamares/CalamaresAddModuleSubdirectory.cmake
-- Installing: /home/qqqq/Proyectos/X64-Packages/x64-calamares/pkg/calamares/usr/lib/cmake/Calamares/CalamaresAddPlugin.cmake
-- Installing: /home/qqqq/Proyectos/X64-Packages/x64-calamares/pkg/calamares/usr/lib/cmake/Calamares/CalamaresAddTest.cmake
-- Installing: /home/qqqq/Proyectos/X64-Packages/x64-calamares/pkg/calamares/usr/lib/cmake/Calamares/CalamaresAddTranslations.cmake
-- Installing: /home/qqqq/Proyectos/X64-Packages/x64-calamares/pkg/calamares/usr/lib/cmake/Calamares/CalamaresAutomoc.cmake
-- Installing: /home/qqqq/Proyectos/X64-Packages/x64-calamares/pkg/calamares/usr/lib/cmake/Calamares/CalamaresCheckModuleSelection.cmake
-- Installing: /home/qqqq/Proyectos/X64-Packages/x64-calamares/pkg/calamares/usr/lib/cmake/Calamares/CMakeColors.cmake
-- Installing: /home/qqqq/Proyectos/X64-Packages/x64-calamares/pkg/calamares/usr/lib/cmake/Calamares/FindYAMLCPP.cmake
-- Installing: /home/qqqq/Proyectos/X64-Packages/x64-calamares/pkg/calamares/usr/share/polkit-1/actions/io.calamares.calamares.policy
-- Installing: /home/qqqq/Proyectos/X64-Packages/x64-calamares/pkg/calamares/usr/share/applications/calamares.desktop
-- Installing: /home/qqqq/Proyectos/X64-Packages/x64-calamares/pkg/calamares/usr/share/man/man8/calamares.8
-- Installing: /home/qqqq/Proyectos/X64-Packages/x64-calamares/pkg/calamares/usr/share/calamares/settings.conf
==> Depurando la instalación...
  -> Quitando los archivos libtool...
  -> Purging unreproducible ruby files...
  -> Quitando los archivos de las bibliotecas estáticas...
  -> Purgando los archivos innecesarios...
  -> Despojando los símbolos innecesarios de los binarios y de las bibliotecas...
  -> Comprimiendo las páginas del manual y de información...
==> Buscando problemas de empaquetado...
==> ADVERTENCIA: El paquete contiene referencias a $srcdir
usr/lib/libcalamaresui.so.3.4.2
==> Creando el paquete «calamares»...
  -> Generando el archivo .PKGINFO...
  -> Generando el archivo .BUILDINFO...
  -> Generando el archivo .MTREE...
  -> Comprimiendo el paquete...
==> Abandonando el entorno fakeroot.
==> Compilación terminada: calamares 3.4.2-2 (jue 01 oct 2026 10:40:39)
